user_id,gender,age
151,2,45
210,2,23
560,2,9
1380,1,44
1850,2,9
2050,1,44
2190,2,37
2300,2,39
2390,1,41
2740,2,36
3410,2,39
3870,2,38
4091,2,35
4321,2,36
4621,2,37
4961,2,41
5281,2,35
7291,2,41
7701,2,34
8360,2,36
8791,2,32
8970,2,35
9631,2,37
9661,2,35
9801,2,34
10210,2,43
10330,2,36
10460,2,34
10800,1,13
10821,2,41
12371,1,42
13300,2,37
13370,2,35
13450,1,0
13691,1,38
13781,2,45
14331,2,29
14960,2,33
15151,2,37
15250,2,39
15440,1,41
15470,2,35
16561,1,39
16750,2,37
17231,2,39
17901,2,42
18280,2,36
19270,2,34
19720,2,34
19970,2,32
20161,2,33
20500,2,36
20611,2,37
20671,1,33
21251,2,37
21500,1,38
21711,2,57
21911,2,32
21990,2,33
22051,2,32
22080,2,31
22130,2,34
22220,2,51
22330,2,35
22431,2,35
22501,2,33
22670,2,41
22840,2,35
23081,2,38
23320,2,37
23440,2,31
23470,1,42
23491,2,33
23711,2,40
24350,2,35
24351,1,37
24501,1,33
24510,2,38
24540,2,46
24621,2,44
24660,1,52
24770,2,54
25301,2,30
25361,1,36
25841,2,35
26081,2,41
26630,2,31
26980,1,33
27041,2,37
27141,2,34
27171,2,31
27601,2,33
27731,2,33
27741,1,31
27770,2,35
27781,2,29
27840,1,34
27841,2,29
28050,1,42
28101,2,35
28301,2,32
28310,2,35
28350,2,46
28430,2,34
28550,2,3
28631,2,33
28651,2,33
28920,2,32
29080,2,33
29190,1,33
29221,2,67
29371,2,31
30170,2,35
30780,2,35
30800,1,35
30921,2,31
31110,2,34
31221,2,36
31250,1,9
31451,2,37
31571,2,34
31581,2,29
31620,2,32
31690,2,36
31750,2,47
31990,2,36
32070,2,7
32471,2,30
32660,2,35
32720,2,41
32780,2,37
33491,2,34
33511,2,41
34150,1,38
34321,2,32
34330,2,33
34481,2,35
34751,2,40
34781,1,37
34901,2,37
35191,1,34
35281,2,36
35691,2,34
35960,2,50
36180,1,35
36201,1,49
36390,2,37
36441,2,70
36540,2,34
37171,2,30
37510,1,32
37671,1,35
38191,2,32
38631,2,38
38641,2,43
38761,2,36
38861,2,36
38900,2,46
39311,2,30
39461,2,35
39531,1,29
39791,2,39
40100,2,39
40510,2,37
40660,2,36
40921,2,33
41160,2,32
41331,2,42
41961,1,35
42191,2,31
42771,2,37
43100,2,36
44331,2,38
44510,2,30
44681,2,35
45820,1,38
46211,2,33
46571,2,36
46690,1,40
46830,2,47
47001,2,31
47100,2,38
47591,1,31
47631,2,35
47680,2,13
48440,2,13
48451,2,35
48541,2,30
48550,2,34
48910,1,39
49331,2,35
49511,2,33
49590,2,35
49940,2,34
50081,2,36
50311,2,35
50410,1,32
50520,2,31
50660,2,51
50721,2,33
51031,2,42
51760,1,39
52030,2,34
52220,2,32
52290,2,30
52291,2,40
53101,1,21
53670,1,33
53720,2,30
53801,1,56
53821,2,53
54091,1,35
54511,2,36
55780,2,35
55810,2,36
56131,2,31
56301,2,10
56431,1,38
56450,2,12
56580,2,30
57160,2,31
57190,2,33
57270,2,33
58251,2,35
58291,2,39
58420,2,35
58480,2,36
58760,2,35
59261,1,34
59280,2,33
59680,2,4
59941,1,37
60200,2,34
60531,2,32
60640,2,31
60700,1,36
60751,1,39
61081,2,31
61191,2,37
61221,2,30
61330,2,32
61660,2,38
61690,2,34
61700,2,39
61710,1,36
61900,1,36
62191,2,30
62331,2,31
62411,2,32
62430,2,37
62820,2,33
63191,2,32
63201,2,30
63390,2,32
63651,2,33
63760,2,31
64030,2,33
64131,2,32
64240,2,32
64350,2,34
64610,1,33
64620,2,33
64740,2,31
65501,2,33
65541,2,36
65611,2,42
65650,2,40
65721,1,24
65850,2,32
65861,2,38
66140,2,30
66210,2,32
66240,2,30
66660,2,32
66701,2,33
66941,2,35
67360,1,33
67370,1,34
67620,2,34
68090,2,29
68321,2,36
68911,2,29
68920,2,36
69340,2,31
69360,2,35
69440,2,37
69450,2,31
69511,2,38
69740,2,34
70091,2,34
70140,2,38
70181,1,38
70401,2,36
70610,2,35
71100,1,42
71190,2,13
71741,2,39
71821,2,36
71910,2,33
71980,1,34
72570,2,32
72641,2,37
72731,2,34
72821,2,37
72851,1,43
73111,2,39
73330,1,33
73530,2,28
73600,2,36
73711,2,64
73761,1,31
73870,2,107
73920,1,31
74001,2,35
74461,1,29
74780,2,40
74870,2,11
75021,2,35
75240,2,33
75310,1,34
75681,2,34
75690,2,33
75880,1,36
76800,2,34
77100,2,9
77120,2,31
77281,2,54
77370,1,31
77571,2,30
77620,2,110
77710,2,37
78261,1,29
78371,2,34
78391,1,34
78421,1,42
78781,2,31
78901,2,43
79000,2,28
79001,2,40
79011,2,33
79020,2,41
79211,1,36
79361,2,33
79411,2,33
79420,2,26
79481,2,34
79561,2,32
79761,1,35
80110,2,9
80141,2,27
80341,2,38
80531,2,28
81111,2,28
81151,2,32
81330,1,41
81510,2,35
82530,2,26
82861,2,39
82871,2,32
82900,2,50
83510,2,30
83611,2,38
83670,2,39
83741,2,31
84170,2,33
84440,2,30
84580,2,7
84661,2,33
84811,2,39
84991,2,25
85120,1,32
85421,2,30
85460,2,35
85481,2,30
85611,2,29
85771,2,32
86310,2,31
86331,2,37
86351,2,35
86360,2,43
86411,2,32
86440,2,33
86801,2,35
87061,2,30
87070,2,34
87241,2,33
87391,2,33
87441,2,34
87581,2,33
87641,2,33
87681,2,32
87790,1,34
87890,2,37
87970,2,34
88001,2,33
88281,2,9
88711,2,32
89000,2,33
89060,2,32
89100,2,42
89141,2,30
89460,2,32
89720,2,33
89820,2,33
89860,2,34
89870,2,42
90090,2,37
90311,2,30
90580,2,37
90671,2,45
90680,2,35
90870,2,29
91290,2,38
91631,2,36
91640,1,42
91981,2,31
92161,1,31
92521,2,36
92580,1,37
92651,1,50
92750,2,33
93290,1,42
93571,2,32
93630,2,22
93661,2,30
93761,2,34
94140,2,36
94230,2,32
94270,2,34
94411,2,35
94650,2,37
94741,2,40
95231,1,32
95300,2,33
95641,2,34
95750,2,31
95861,1,45
96270,2,32
96400,2,34
96501,2,37
96571,1,32
96710,2,37
96731,1,45
97110,2,34
97211,2,4
97321,2,30
97381,2,39
97460,2,33
97470,2,34
97681,1,40
98051,1,39
98181,1,42
98210,2,37
98720,1,39
98850,2,39
98910,2,32
99240,2,34
99311,2,23
99370,1,34
99411,1,52
99650,2,48
99660,2,28
99751,2,33
99880,2,13
100381,2,33
100421,2,30
100551,2,32
100670,2,31
100890,2,35
101131,2,33
101310,1,42
101330,2,35
101370,2,33
101651,2,33
101931,2,34
101970,1,34
102371,2,37
102521,1,44
102580,2,35
102590,2,13
102760,2,34
102791,2,34
102801,1,41
102941,2,34
103431,2,40
103561,1,42
103651,1,41
104231,2,32
104330,2,33
104521,2,29
104581,2,46
104701,2,43
104790,2,35
104880,2,36
104931,2,33
105181,2,38
105360,2,29
105451,1,40
105531,1,32
105610,1,32
105701,2,31
105970,1,29
106211,2,37
106261,2,39
106290,1,26
106340,2,31
106420,2,31
106481,2,32
106510,2,33
106531,2,29
106641,1,46
106750,2,30
106940,2,9
107600,2,33
107630,2,35
107850,2,38
107970,2,30
108030,2,32
108050,2,30
108210,2,34
108770,1,35
108940,2,30
108980,2,35
109090,2,35
109151,2,30
109361,2,29
109400,2,36
109551,2,30
109650,2,29
109700,2,31
109801,2,36
109841,2,23
109851,2,55
109951,1,32
109971,2,32
110471,2,44
110480,2,34
110530,2,32
110761,2,36
110831,2,8
110940,2,31
111180,1,30
111221,2,37
111250,2,27
111300,2,30
111361,2,32
111440,2,32
111581,2,31
111600,2,37
111731,2,28
111791,2,33
111850,1,39
111891,2,30
112020,2,34
112491,2,35
112521,2,40
112781,2,32
112970,2,33
113061,2,28
113240,2,29
113270,2,35
113290,2,39
113330,2,31
113341,1,31
113400,2,35
113511,2,29
113611,2,39
113621,2,34
113791,2,35
113830,1,58
113910,2,32
113920,2,36
114330,2,29
114331,2,32
114740,2,38
114750,2,35
115050,2,31
115150,2,35
115261,2,29
115280,2,30
115301,1,30
115321,2,29
115451,2,32
115780,2,37
115930,1,50
116091,1,31
116111,2,30
116180,2,42
116441,2,28
116461,2,29
116510,1,29
116901,2,32
117110,2,5
117120,1,38
117270,2,35
117430,2,37
117520,2,38
117540,2,30
117680,2,32
117831,2,32
118131,2,32
118160,2,30
118280,2,34
118520,2,30
118630,2,8
118781,2,35
118790,2,29
118791,2,34
119031,2,36
119131,2,54
119150,2,35
119210,2,31
119260,1,41
119340,2,28
119440,2,36
119461,2,44
119540,1,42
119730,2,35
119771,2,50
119801,1,38
120201,2,37
120501,2,29
120670,2,40
120690,1,39
120800,2,39
120850,1,35
120860,2,27
120890,2,29
121080,2,26
121110,2,29
121361,2,36
121421,2,13
121521,2,33
121611,2,33
121731,2,34
122070,2,33
122401,2,31
122581,2,37
122731,2,28
123100,2,34
123170,2,28
123341,2,27
123761,2,33
123770,2,33
123791,2,37
123891,2,34
124110,2,28
124130,2,39
124300,2,33
124450,2,34
124531,2,36
124701,2,32
124850,2,30
124920,2,10
125120,2,32
125191,2,39
125301,2,29
125310,2,31
126141,2,12
126270,2,30
126410,2,33
126620,2,39
126621,2,31
126631,2,32
126660,2,43
126730,2,34
126910,2,35
126990,2,34
127311,1,55
127811,2,29
127891,2,37
127920,2,39
128231,2,43
128270,2,57
128400,1,33
128570,2,41
128581,1,34
128631,2,33
128651,2,35
129051,2,13
129081,2,38
129120,2,31
129240,2,31
129270,2,36
129350,2,34
129381,2,28
129480,2,28
129511,2,34
129541,2,34
129561,2,32
129631,2,32
130200,2,37
130210,1,33
130480,2,31
130640,2,34
130690,1,33
130741,2,30
131041,2,33
131190,2,33
131600,1,30
131980,2,44
132030,2,33
132401,1,35
132550,2,29
132751,2,42
132770,1,34
132780,2,50
132851,2,32
133040,2,30
133461,1,51
133570,2,43
133651,2,36
133741,2,41
134161,2,28
134470,1,42
134531,2,33
134670,2,37
134700,2,33
134740,2,33
134831,2,36
134880,2,29
134910,2,31
134920,2,32
135211,2,33
135301,2,31
135380,2,37
135501,2,32
135551,2,33
135921,2,31
136150,2,29
136270,2,27
136550,2,30
136720,2,34
136800,2,30
136850,2,35
136931,1,34
137120,2,35
137160,2,32
137620,2,31
137660,2,35
138020,2,45
138070,2,30
138100,2,31
138351,2,26
138390,2,31
138430,2,29
138501,1,31
138610,1,30
139021,1,42
139101,2,28
139261,1,26
139330,2,33
139351,2,33
139571,2,34
139651,2,32
139830,1,75
139880,2,55
139921,1,43
139980,2,36
140001,2,9
140160,2,37
140440,2,34
140471,2,33
140590,2,39
140670,2,12
140700,2,28
140801,2,49
140811,2,32
140931,2,27
140951,2,45
140961,2,36
141250,2,13
141301,1,30
141490,1,32
141521,2,35
141721,2,34
141910,2,34
141930,2,29
141971,2,30
141981,2,34
142041,2,42
142421,2,32
142460,1,29
142471,2,32
142601,1,35
142641,2,30
142751,1,29
143521,2,33
143551,1,35
143761,1,41
143891,2,42
144240,2,33
144251,2,30
144371,1,32
144551,2,30
144620,2,28
144680,1,41
144770,2,33
144960,2,37
144991,2,37
145111,2,42
145390,1,47
145491,2,30
145521,2,32
145850,2,32
146020,2,32
146101,2,40
146131,2,37
146190,2,35
146661,2,31
146720,2,32
146981,2,29
147621,2,40
147720,2,41
148000,2,32
148111,2,79
148181,2,39
148300,2,48
148351,2,28
148401,2,28
148481,2,32
148620,2,32
148841,1,35
149071,2,49
149190,2,31
149431,2,38
149571,1,36
149601,2,29
150220,1,46
150820,2,34
150921,2,11
151230,2,34
151370,2,39
151430,2,33
151630,1,35
151691,2,35
151830,2,38
151840,2,34
152350,1,34
152370,1,33
152490,1,5
152521,2,28
152531,2,36
152560,2,29
152760,2,32
153430,2,45
153460,2,31
153531,2,35
153600,2,8
153890,2,33
153921,2,45
154041,2,32
154241,2,31
154390,2,32
154601,2,44
154771,2,34
154811,2,32
155341,2,43
155420,2,41
155456,2,8
155590,2,28
155640,2,32
155731,2,38
155810,1,39
155811,2,33
156060,2,32
156171,1,109
156271,2,30
156400,2,37
156420,2,32
156510,2,37
156560,2,33
156871,2,29
156920,2,33
157300,1,35
157310,1,31
157380,1,37
157531,2,29
157801,2,39
158050,2,30
158090,2,31
158311,2,35
158331,1,39
158340,1,52
158341,2,34
158420,2,29
158491,2,32
158571,2,32
158781,1,46
159120,2,31
159130,1,36
159480,2,29
159530,2,30
159550,1,35
159940,2,28
160091,2,31
160380,2,28
160631,2,32
160731,1,45
161010,2,29
161040,2,42
161051,2,32
161230,2,37
161261,2,48
161561,2,28
161700,2,33
161830,2,43
161951,2,25
162070,2,30
162170,2,37
162250,1,46
162270,2,35
162291,2,47
162381,1,34
162441,1,36
162691,2,38
162771,1,32
162791,2,35
162811,2,30
162841,2,29
162930,1,35
163081,2,34
163110,2,36
163111,2,27
163211,2,32
163611,2,30
163821,2,25
163830,2,31
163841,1,30
164111,1,32
164131,2,34
164161,2,29
164211,2,28
164370,2,29
164731,1,41
164751,2,28
164800,2,32
164880,2,30
165000,2,31
165041,1,36
165120,2,29
165360,2,28
165370,2,32
165420,2,42
165480,2,31
166021,2,32
166280,2,33
166310,2,28
166340,2,28
166381,2,43
166420,2,34
166450,2,35
166480,2,25
166590,2,31
166601,2,28
166831,1,38
166860,2,36
166930,2,32
167161,2,26
167240,2,36
167530,2,29
167670,2,29
167861,2,36
167931,2,30
167990,2,29
168120,2,34
168251,1,32
168360,2,34
168361,2,29
168381,2,31
168481,2,28
168611,2,29
169280,2,35
169691,2,33
169840,2,28
169841,2,26
169870,2,26
169911,2,6
170330,2,34
170470,1,8
170710,1,38
170841,2,26
170861,2,11
170911,2,27
170970,2,28
171011,2,37
171510,1,31
171630,2,12
171771,1,28
171851,2,31
172081,2,32
172431,2,27
172741,2,54
172781,1,37
173001,2,31
173040,2,44
173131,2,33
173221,1,52
173760,2,33
173840,2,9
173881,2,61
173931,2,37
174130,2,31
174230,2,30
174260,2,29
174280,2,30
174331,2,29
174481,2,30
174541,2,34
174551,2,35
174680,2,31
174981,1,27
175180,2,30
175201,2,34
175221,2,37
175391,2,27
175471,2,38
175790,2,29
175840,2,43
175851,2,34
175881,2,41
176080,2,28
176141,2,35
176370,2,34
176391,2,26
176550,2,33
176560,2,40
176770,1,55
177000,2,29
177020,2,30
177300,2,27
177371,2,36
177521,2,29
177661,2,31
177811,2,40
177830,2,21
177961,2,33
177971,1,39
178320,2,27
178440,2,39
178500,2,36
178691,2,36
178761,2,29
178830,2,28
178890,2,31
178990,2,11
179030,2,15
179200,2,30
179541,2,33
179711,2,30
179841,2,32
180160,2,31
180170,2,37
180210,2,34
180370,2,32
180490,2,32
180911,2,37
180950,2,10
181110,2,34
181181,2,28
181190,2,48
181211,1,39
181621,2,31
181651,1,32
181881,2,30
181941,2,30
181960,2,26
182181,2,33
182510,2,34
182640,2,38
182671,2,27
182861,1,53
183250,2,32
183341,2,11
183420,2,31
183440,2,30
183530,1,52
183540,2,56
183551,2,12
183661,1,31
183940,2,31
184251,1,31
184330,2,37
185140,2,40
185230,2,33
185301,2,34
185451,2,37
185511,2,32
185691,2,31
185940,2,33
186060,2,34
186120,2,28
186541,1,46
186681,2,1
186790,2,37
186951,2,34
187111,2,36
187130,2,28
187220,2,32
187261,2,6
187470,1,34
187510,2,8
187571,2,30
187701,2,27
188110,2,34
188311,2,7
188350,2,10
188371,2,36
188481,2,35
188601,1,34
188620,2,26
188761,1,38
188811,2,40
189100,2,36
189230,2,33
189290,2,31
189321,1,38
189600,2,37
189670,2,37
189680,2,32
189820,2,36
190000,2,30
190220,2,40
190290,1,34
190371,2,45
190571,2,28
190610,2,36
190781,1,41
190901,2,30
191091,2,38
191171,1,35
191211,2,34
191271,2,10
191520,2,33
191850,1,33
192031,2,38
192091,2,28
192111,2,35
192970,1,29
193070,2,19
193231,2,41
193271,2,48
193580,2,35
193670,2,34
193851,1,34
193870,2,29
194170,2,31
194280,2,40
194471,1,48
194800,2,32
194910,2,30
195090,1,34
195210,2,34
195231,2,34
195481,2,31
195590,2,33
195601,2,33
195731,2,27
196261,2,31
196400,2,39
196540,1,4
196570,2,105
196790,1,33
196791,2,30
196821,2,32
197130,2,38
197241,1,40
197330,2,41
197431,2,43
197501,2,33
198090,2,36
198141,2,32
198161,1,32
198330,2,26
198500,2,27
198661,1,42
198670,2,35
198710,1,33
198770,2,12
198971,2,36
199121,2,27
199190,1,31
199351,2,43
199390,2,30
199391,2,36
199401,2,37
199530,1,32
199601,2,36
199711,2,41
199901,1,36
199920,2,36
199991,2,11
200071,2,45
200120,2,33
200240,2,34
200281,2,32
200440,2,30
200631,2,31
200890,2,31
201320,2,34
201481,1,31
201511,1,31
201670,1,33
201741,2,35
201761,2,28
202031,1,31
202161,1,35
202381,2,29
202451,2,30
202690,2,33
203011,2,31
203120,2,44
203151,2,32
203240,2,38
203430,2,37
203471,2,33
203580,2,30
203681,2,32
203780,2,29
204040,2,26
204090,1,33
204260,2,27
204280,2,38
204281,2,53
204400,1,41
204431,1,39
204730,2,32
204781,2,29
204861,2,36
204891,2,35
205151,2,41
205261,2,46
205320,1,32
205441,2,29
205470,2,8
205521,2,36
205630,2,36
205810,2,41
206090,1,33
206270,2,35
206390,2,48
206400,2,41
206460,2,41
206524,2,42
206651,2,34
206980,1,36
206990,2,32
207121,2,28
207151,2,33
207190,2,40
207411,1,39
207500,2,35
207501,1,31
207561,1,31
207690,1,35
207730,1,30
207910,2,32
207970,2,28
208391,2,36
208560,1,31
208640,2,28
208730,2,31
209030,2,28
209130,2,37
209251,2,29
209301,2,47
209331,1,42
209441,1,33
209610,2,30
209731,2,39
209760,2,29
209961,2,28
210081,2,29
210420,2,33
210441,1,26
210661,2,32
210970,2,37
211040,2,31
211171,2,28
211330,2,29
211441,2,30
211550,1,39
211601,1,33
211730,1,34
211760,2,32
211871,2,5
212200,2,42
212201,1,11
212310,2,35
212340,1,32
212351,2,31
212431,2,35
212460,2,34
212461,2,36
212550,2,29
212640,2,26
212660,2,32
212740,2,32
212791,2,32
212810,2,34
212941,2,50
212962,2,34
212981,2,32
213030,2,30
213300,1,37
213471,2,31
213511,2,37
213700,2,28
213720,2,29
213971,2,32
214020,1,29
214151,1,32
214250,2,27
214260,2,43
214370,2,34
214451,2,31
214660,2,39
214700,2,34
214721,2,36
214901,2,43
214970,2,32
215031,2,32
215100,2,29
215231,2,35
215291,2,4
215341,2,30
215401,2,110
215471,2,39
215491,1,29
215501,1,28
215570,2,34
215671,2,31
216010,1,92
216190,2,29
216230,2,31
216410,1,34
216531,2,35
216631,1,28
216650,1,31
216711,2,35
216820,1,33
217471,1,46
217631,2,32
217820,2,36
217861,2,30
217980,2,43
218310,2,37
218330,2,37
218380,2,37
218480,1,37
218491,2,31
218650,2,32
218671,2,36
218731,2,33
218850,2,43
218930,2,33
219080,2,35
219120,2,28
219221,2,32
219330,2,27
219331,2,26
219441,2,33
219471,1,32
219550,2,30
219920,1,51
219971,1,34
220041,2,35
220311,1,38
220420,2,32
220570,1,30
220611,2,33
220641,2,31
220960,2,40
221001,2,27
221050,1,36
221080,2,28
221251,2,32
221440,2,33
221460,2,34
221581,2,34
221630,2,31
221681,2,31
221751,1,34
221840,2,40
221970,2,34
221981,2,27
222191,2,46
222220,1,33
222280,2,10
222450,2,37
222831,2,34
222870,1,29
222931,2,38
223100,2,30
223191,2,24
223411,2,37
223650,2,32
223881,2,36
224121,2,26
224131,2,29
224180,1,37
224631,1,28
224651,2,27
224811,2,28
225140,1,34
225201,1,37
225390,2,31
225411,2,35
225820,2,47
226000,2,53
226401,2,28
226441,2,29
226490,2,29
226530,2,26
226560,1,45
226750,1,35
226921,2,28
227040,2,7
227060,2,39
227121,2,27
227350,2,26
227470,2,34
227490,2,30
227621,2,30
227760,1,34
227950,1,29
228170,2,37
228200,2,28
228270,2,28
228321,1,35
228410,1,28
228511,2,33
228621,2,34
228971,1,38
229190,2,28
229261,2,27
229641,2,29
229690,1,35
229741,1,27
229790,2,37
229911,2,31
230060,2,25
230140,2,24
230151,2,32
230210,2,28
230290,2,32
230300,2,30
230570,2,36
230630,2,28
230790,2,33
230970,2,36
231050,2,45
231110,2,37
231180,2,32
231281,2,32
231630,2,26
231660,2,27
231851,1,36
231880,2,29
231890,2,27
231931,2,33
231990,2,26
232020,1,41
232650,2,25
232770,2,32
232901,2,31
233641,2,33
233920,2,33
233931,2,35
233941,1,32
234210,1,47
234410,2,35
234570,2,32
234581,2,32
234670,2,30
234681,1,40
234871,2,33
235050,2,44
235111,2,35
235280,2,27
235460,2,32
235480,1,36
235680,2,32
235701,1,41
235920,2,11
236160,2,33
236200,2,28
236211,1,36
236260,1,37
236340,2,48
236391,2,28
236480,2,22
236530,2,28
236831,2,47
237270,1,33
237310,2,26
237600,1,49
237621,2,34
237891,2,45
237980,2,28
238130,2,34
238181,2,39
238251,1,36
238371,2,28
238570,2,28
238581,2,29
238621,2,31
238801,1,41
238930,2,28
239171,2,27
239210,2,30
239221,2,27
239381,1,30
239390,2,21
239461,1,32
239481,2,36
239600,1,37
239621,2,28
239711,2,34
239740,2,40
239770,2,40
239781,2,40
239841,2,25
239950,2,30
240021,2,30
240040,2,30
240140,1,38
240321,1,32
240331,2,30
240390,1,43
240461,2,32
240550,2,31
240650,2,32
240781,2,30
240821,2,41
240911,2,34
240920,2,33
240921,2,38
240951,2,29
240961,2,42
241010,2,35
241011,2,37
241020,2,31
241041,2,30
241200,2,30
241341,1,33
241450,2,36
241530,2,30
241660,2,30
241661,2,29
241740,2,28
241901,2,26
241991,2,37
242060,2,32
242130,2,39
242160,2,36
242170,2,24
242210,2,34
242541,2,26
242621,2,28
242650,2,30
242850,2,35
242871,2,32
242951,2,30
243170,2,21
243280,2,30
243290,1,16
243311,2,34
243320,2,34
243381,2,29
243451,2,26
243610,2,30
243700,2,46
243710,2,28
243850,2,27
243921,2,34
244081,1,37
244141,2,11
244180,2,29
244211,2,33
244271,2,36
244381,2,28
244450,2,39
244470,2,26
244660,1,55
244691,2,35
244710,1,30
244891,2,30
244931,2,31
245021,2,27
245190,2,39
245251,2,27
245361,2,36
245440,2,25
245651,1,12
245830,2,77
246370,2,34
246400,2,36
246460,2,25
246461,2,31
246590,1,41
246790,2,30
247041,1,35
247100,2,24
247201,2,35
247250,2,32
247281,2,27
247301,2,45
247330,1,44
247351,2,24
247631,2,37
247680,2,39
247721,2,27
247730,2,43
247890,1,27
248050,2,27
248101,2,27
248241,2,37
248361,1,36
248430,2,36
248691,2,27
248701,2,29
248880,1,40
248901,1,27
249091,2,28
249211,2,33
249440,2,31
249920,2,29
249950,2,33
249990,2,32
250020,2,35
250070,2,27
250080,2,31
250150,2,40
250330,2,48
250370,2,31
250430,2,24
250450,1,36
250451,1,53
250771,2,29
251070,1,35
251071,1,31
251460,2,28
251530,1,27
251560,2,31
251621,2,27
251740,2,37
251810,2,27
251861,2,27
251871,2,36
251900,2,24
251961,2,32
252030,2,28
252220,1,40
252271,2,30
252340,2,29
252451,2,48
252480,2,27
252710,2,34
252730,2,29
252791,2,25
252951,2,28
253030,1,37
253041,2,36
253270,2,34
253701,2,36
253871,2,28
253941,2,34
253971,1,32
254171,2,30
254260,2,27
254281,2,26
254340,1,28
254531,2,33
254541,1,42
254670,2,35
255001,2,27
255031,1,32
255050,2,31
255071,2,32
255141,2,31
255300,2,38
255380,2,52
255420,2,31
255521,1,27
255860,2,32
256100,1,37
256351,2,31
256691,2,33
256710,2,34
256741,2,30
256810,1,31
256830,2,32
256861,2,30
256870,2,27
257001,2,35
257240,1,32
257260,1,40
257281,2,35
257540,2,29
257621,2,29
257780,2,35
257821,2,27
257850,2,30
257880,1,40
258030,2,29
258421,2,9
258751,2,32
258950,2,36
258960,1,40
258980,2,0
259053,1,30
259261,2,27
259441,2,29
259610,2,40
259751,2,26
259850,2,27
259861,2,32
259880,1,31
259901,2,33
260070,2,37
260090,2,28
260180,2,27
260241,2,31
260280,1,35
260291,2,32
260530,2,29
260620,2,32
260661,2,45
260780,2,28
260841,2,36
261251,1,25
261470,2,32
261580,2,33
261770,1,29
261890,2,69
262131,1,33
262290,2,27
262651,1,38
262920,2,45
262921,2,33
262940,1,40
262941,1,101
263381,2,39
263430,2,36
263770,2,26
263861,2,33
264030,2,45
264190,1,34
264351,2,27
264421,2,26
264451,2,35
264590,2,37
264700,1,31
264731,2,32
264770,1,33
264881,2,30
265271,1,39
265281,2,33
265461,2,36
265561,2,33
265691,2,35
265750,2,36
265831,1,33
266080,2,48
266280,2,33
266621,2,44
266640,2,43
266720,1,30
266760,2,39
266811,1,39
266850,2,35
267211,2,36
267441,2,27
267480,2,30
267530,2,34
267700,2,31
267750,2,34
267761,2,24
267861,2,38
268000,2,32
268110,2,26
268251,2,26
268311,2,36
268691,2,25
268850,2,31
269120,2,30
269130,1,37
269270,2,43
269321,1,34
269331,1,46
269570,2,28
269881,2,48
270061,2,35
270220,2,36
270411,2,30
270480,2,39
270520,2,37
270571,2,26
270621,2,33
270701,2,30
270720,1,29
270800,1,39
270810,2,35
270961,2,31
271010,2,38
271021,2,33
271070,2,29
271071,2,27
271171,1,38
271260,2,39
271291,2,38
271301,1,38
271330,1,35
271441,2,31
271670,1,25
271731,2,25
271740,2,36
271860,1,30
271940,2,39
272011,2,25
272220,1,35
272331,2,25
272440,1,35
272511,2,39
272670,2,33
272861,2,33
272910,2,25
272951,2,29
273010,1,28
273071,2,27
273141,2,36
273161,2,50
273190,2,30
273300,2,33
273531,2,38
273730,1,29
273780,2,34
273860,2,11
274080,2,25
274210,2,25
274341,2,27
274391,2,29
274460,2,29
274620,2,26
274750,2,36
275101,2,40
275150,2,28
275321,2,33
275411,2,28
275480,2,54
275971,2,27
276071,1,30
276221,2,31
276261,2,51
276760,2,31
277261,1,46
277561,1,42
277650,2,11
278041,2,38
278871,2,26
278880,2,9
279141,1,33
279281,2,38
279291,2,59
279301,2,41
279321,2,25
279380,2,30
279660,2,34
280120,2,30
280140,2,26
280240,2,25
280591,2,38
280670,2,34
280911,2,33
281460,1,31
281511,1,30
281741,2,34
281940,2,24
281970,1,34
282271,1,48
282301,2,38
282790,2,65
282871,2,30
283411,2,32
283620,2,32
283721,2,28
285201,2,38
285521,2,29
286290,2,31
286780,2,25
287511,2,27
287761,2,36
287871,2,27
288091,2,31
288790,1,29
288791,2,35
289211,1,31
289931,1,35
290150,2,42
290410,2,49
290771,2,29
291740,2,27
291851,2,31
291921,2,40
292170,2,30
292541,2,36
292950,2,31
293140,1,68
293311,1,39
293860,2,34
294041,2,37
294120,2,42
294131,2,25
294370,2,38
294381,2,72
294541,2,27
294581,2,35
294920,1,26
294990,1,33
295271,2,38
295320,2,29
295580,1,35
296290,2,32
296430,2,35
296930,2,27
296970,2,30
297060,2,29
297531,2,24
297620,2,28
297801,2,30
297871,2,40
297981,2,34
298421,2,27
298530,2,37
298560,2,25
299300,2,39
299620,2,31
300060,2,28
300601,2,30
300750,2,28
300951,2,33
301240,2,25
301460,2,34
301680,2,31
302061,1,33
302381,2,34
303130,2,32
303571,2,28
303630,1,36
303881,2,31
304021,2,21
304760,2,38
304790,2,26
304901,2,42
305171,2,38
305710,2,31
305721,2,24
306060,2,33
306461,2,36
306611,1,27
306751,1,36
306970,1,32
307491,1,35
308000,2,24
308100,2,32
308611,2,28
308831,2,45
308841,2,31
309790,2,36
309840,2,29
309970,1,41
310290,1,35
310331,2,31
310641,2,33
310731,2,31
311180,2,33
311460,2,49
311491,2,29
311511,2,36
311641,2,26
311751,2,28
311900,1,32
312290,2,30
312461,2,26
312680,2,28
312870,2,32
313091,2,33
313120,2,24
313240,1,37
313850,2,27
314511,1,32
315460,2,24
315851,2,27
315880,2,35
315881,2,38
316441,2,27
317331,2,32
317531,2,28
318471,2,40
318711,2,29
319071,2,25
319101,2,32
319141,2,37
319510,2,33
319531,2,33
320360,1,34
320420,2,27
320691,2,10
320700,1,38
320780,2,27
320861,2,34
322030,1,47
322190,2,39
323321,1,36
323351,2,25
323870,2,32
324091,2,45
324521,1,36
324580,2,28
324601,2,30
325111,2,30
325131,2,39
325430,2,32
326011,1,38
326061,2,37
326131,2,37
326150,2,31
326171,1,32
326580,2,43
326760,2,33
326811,2,31
326830,2,38
327170,1,38
327220,2,31
327971,2,37
330121,2,33
330571,2,36
330640,2,45
330710,1,49
331040,2,41
331520,2,32
331930,1,29
332030,2,24
332060,2,43
332080,1,34
332120,1,31
332290,2,31
332560,1,34
332891,2,38
333541,2,31
334140,2,35
334581,2,27
334780,2,33
335570,2,29
336051,2,28
336220,2,30
336360,2,34
336490,2,26
337061,1,25
337460,2,31
337941,1,32
338130,1,39
338341,1,31
338470,2,46
339130,2,40
339480,1,45
339501,2,24
339761,2,32
339870,2,27
340430,2,26
340620,2,33
341041,2,37
341061,1,36
341200,1,39
341280,2,37
341481,2,32
341491,1,36
341551,2,11
341871,2,23
342080,1,40
342281,2,37
342420,2,34
342551,2,41
342600,2,28
342820,2,41
343281,2,25
343840,2,28
343960,2,22
344160,2,41
344451,2,30
344581,2,30
345141,1,6
345500,2,29
345601,2,25
345851,2,32
345911,2,28
346191,1,45
346461,2,34
346811,2,35
346971,2,22
347160,2,37
347190,2,33
347580,1,39
347621,2,40
347800,2,32
348430,2,31
348600,2,30
348680,2,30
348780,2,32
349201,2,38
350460,2,33
351550,2,41
351811,1,32
351820,2,29
352400,2,37
352510,2,27
352650,1,35
352720,2,34
352971,2,36
353321,2,31
353340,2,49
353491,2,29
353931,2,41
354330,1,34
354380,2,28
354491,2,27
354860,2,37
356060,2,40
356621,2,29
356830,2,36
356840,2,38
357001,1,31
357091,2,41
357131,2,28
357330,2,27
357600,2,30
357610,2,29
358050,2,39
358690,2,36
358920,1,44
359261,2,31
359360,1,32
359611,2,33
360581,2,29
360821,1,28
361150,2,37
361201,2,11
361470,2,25
361651,2,33
361791,2,17
361871,2,37
361910,2,56
361930,2,35
362200,1,38
362370,1,20
363071,2,43
363560,1,28
363632,1,34
363650,2,10
363981,1,36
364460,1,34
364510,2,26
365460,1,30
365471,2,25
366101,2,33
366611,2,27
366731,2,35
366971,1,41
367421,2,30
367970,2,9
369600,2,30
369770,2,25
370161,2,36
370580,2,29
370581,2,33
371230,2,34
371440,2,31
372000,2,33
372210,2,44
372521,2,42
372830,2,35
373581,2,46
374071,2,23
374311,2,36
374421,2,36
374941,2,38
374981,2,34
375060,2,31
375401,2,24
375880,2,39
376010,1,31
377391,2,23
377961,2,30
378641,2,29
378651,1,32
379491,2,31
379651,2,35
379671,2,32
380250,2,34
380480,2,40
380641,2,27
380650,2,33
380861,1,37
381020,2,32
381250,1,29
381331,1,41
381980,1,27
382021,1,33
382270,2,33
383020,2,30
383381,2,65
383530,2,32
383841,1,35
383950,2,30
383990,2,25
384141,2,30
385331,2,27
385421,2,28
385490,2,30
385821,2,37
386860,1,28
386931,2,45
386971,2,24
387220,1,27
387661,2,33
387750,2,39
387811,1,35
387960,2,41
388360,2,29
388510,2,37
389151,2,35
389660,2,28
389801,1,34
390160,2,36
390460,2,35
390500,2,25
390750,2,40
391201,2,32
391220,2,28
391281,2,43
391650,2,5
391690,2,25
392161,2,24
393291,2,38
394091,1,42
394591,2,41
394611,2,28
394781,1,30
395061,2,27
395221,2,38
395591,2,25
395790,2,37
395870,2,46
396070,2,31
396150,2,31
396310,1,33
396561,2,30
396571,2,33
396831,2,44
397290,2,38
397340,2,27
397691,2,40
397781,2,30
398660,2,49
398720,1,41
399160,2,25
399310,2,32
399440,2,25
399690,1,38
400040,2,30
400230,2,28
401130,2,40
401711,2,35
402910,1,37
403110,2,35
403391,2,30
403610,2,29
403700,2,34
404731,1,52
405290,2,10
405301,2,31
405610,2,36
405920,2,31
405950,2,30
406140,2,31
406360,1,34
406820,1,9
407970,2,30
410071,2,27
410861,2,8
410921,2,47
412880,2,24
413011,2,26
413191,2,32
413761,2,30
414630,1,41
414920,2,34
415640,2,29
416160,2,35
416170,2,31
417070,2,3
417080,2,36
418890,1,37
420980,2,43
421220,2,11
421870,2,39
422360,2,27
422421,2,48
423050,1,35
423120,2,36
423780,2,46
424110,1,36
424140,1,30
424331,2,34
425870,2,31
427190,2,39
427750,2,30
428411,1,33
428640,2,35
429120,2,28
429341,1,38
429670,2,26
429800,2,34
430131,1,26
430951,2,31
431050,2,34
432700,2,24
434421,2,33
434710,2,55
435511,2,28
436111,2,33
436781,2,36
437241,2,35
437331,2,32
437530,2,32
437601,2,30
438991,2,37
439271,2,36
439851,2,36
440201,2,32
440980,2,29
441091,1,27
441531,1,28
442691,2,27
443250,1,43
443461,2,33
443690,2,28
443760,1,51
444731,2,28
446230,2,31
449051,2,46
449550,1,44
449890,2,28
451021,2,40
451541,2,27
454151,2,24
455551,2,33
456710,1,37
457101,2,28
457361,2,38
458161,1,35
458630,1,30
463401,2,29
464030,2,27
466091,2,33
466971,2,32
468140,2,30
469361,2,25
469441,2,30
470990,2,33
471180,2,31
471640,2,43
473490,2,35
474241,2,39
475171,2,38
476121,2,38
476451,2,26
477171,2,27
477251,2,30
477301,2,35
478030,1,30
478150,2,24
478880,2,18
481930,1,38
482130,2,30
483190,1,37
483301,2,39
484341,2,46
484441,1,29
486090,1,46
486471,1,9
486581,2,33
487191,1,33
487740,2,28
487851,2,28
488580,2,30
488781,2,41
489030,2,36
489141,2,35
489940,2,30
489980,2,28
490431,1,41
491360,2,29
491910,2,26
492040,2,28
492111,1,30
492521,2,30
492660,2,30
494350,1,53
495491,2,36
495901,2,26
495951,1,30
496601,1,31
497181,2,8
498290,2,31
499071,2,28
500141,1,30
500651,2,35
500830,1,39
501791,2,27
502921,2,36
503501,2,43
505320,2,28
505410,1,40
505411,2,32
507881,1,36
508350,2,28
509261,1,40
510041,1,35
510181,2,32
510700,1,30
512020,2,27
512261,2,33
513281,2,34
513290,2,26
514001,2,24
514400,2,33
515801,1,30
517381,2,46
517660,2,31
518130,2,29
519331,2,36
520250,2,27
523671,2,30
525101,2,32
527280,2,27
529101,2,38
529351,2,31
530320,2,31
530860,2,35
531190,2,32
531521,1,38
531760,2,27
532004,2,29
532220,1,31
532820,2,23
532980,2,29
533190,2,28
533311,2,38
533690,2,42
533980,2,35
534450,2,30
535311,2,28
536040,1,28
536251,1,52
536490,2,32
536530,2,29
537100,1,30
537240,1,10
539901,2,27
540151,2,40
540391,1,39
541660,2,23
541770,2,29
541810,2,24
543650,1,35
544491,2,34
545521,2,35
546370,1,31
546430,2,35
546431,1,27
546960,2,36
547581,2,25
548071,2,32
548431,2,55
548591,2,37
549111,2,39
550561,1,38
552381,2,35
552870,2,27
553110,2,29
553580,2,37
555611,2,24
555880,2,36
556740,2,26
557461,1,27
559191,2,28
561181,2,27
561230,2,29
562071,2,24
562481,2,30
562831,2,24
563410,2,22
563831,1,31
564961,1,24
565551,2,30
566641,2,31
567720,2,42
568110,2,32
568160,2,25
569110,2,54
570821,2,31
571280,2,43
571790,2,33
572891,2,31
573090,1,29
573110,2,28
573291,1,50
573491,2,37
574540,2,23
575191,2,35
575201,1,35
575801,2,33
576551,2,32
577100,1,32
577451,2,49
577481,2,27
579201,2,23
580761,1,42
583180,2,36
585040,2,40
585430,2,36
585770,2,34
586500,1,35
587010,2,33
587070,2,26
587611,2,26
587621,2,25
587991,1,28
588001,2,27
588710,2,32
589671,2,26
590010,2,31
590301,1,29
590761,2,34
591330,2,48
591850,2,38
591881,1,32
591970,2,29
592151,2,28
592410,1,45
592430,2,32
592951,2,29
593981,2,25
594290,1,30
595321,2,27
596070,1,38
596230,2,25
597081,2,48
597500,2,25
597761,2,62
598340,2,30
598571,2,26
598721,2,30
598841,2,30
598931,2,27
599761,2,35
600220,2,35
600891,1,31
601220,2,46
601431,2,26
602331,2,32
602990,2,27
603251,2,32
603440,2,32
603811,1,33
603970,1,26
604191,1,32
604221,2,37
604571,2,26
605290,2,29
605740,2,35
605961,2,26
606050,2,25
606300,1,29
606450,1,110
606490,2,24
606831,2,25
607381,2,35
607701,2,26
607840,2,33
607861,2,23
608160,2,27
608430,2,27
608600,1,34
608720,2,27
610561,2,38
610570,2,28
611191,1,34
611551,1,27
612411,2,39
612550,1,36
612670,1,34
612731,2,27
612920,1,30
613231,2,36
613370,2,22
613961,2,26
615460,2,28
615731,2,28
615891,2,73
616841,2,27
616920,2,29
617381,2,36
617711,2,8
617750,2,31
618530,2,33
618621,2,38
618721,2,23
619351,2,34
619540,2,33
619590,2,29
619781,2,31
620231,2,33
620551,2,24
620940,2,37
621480,2,30
621711,2,32
621781,2,35
622130,2,34
622621,2,26
622880,2,34
623561,2,33
624101,2,30
624670,2,30
624720,2,38
624890,1,40
625320,2,32
625351,2,53
625490,2,31
625781,2,29
626551,2,27
626711,1,35
626891,2,31
628280,2,35
628430,2,28
628661,2,33
629061,2,28
629090,1,50
630630,2,42
630860,2,33
630900,2,28
631340,2,27
631381,2,36
632041,2,25
632261,2,27
632281,2,46
632341,2,29
632620,2,34
632830,2,33
633161,2,2
633210,1,40
633540,2,38
634040,2,28
634730,2,31
634750,2,34
634760,2,29
635111,2,36
635201,2,34
635610,2,24
635821,2,32
635970,2,34
636181,2,32
636310,2,23
636380,2,30
636411,1,3
636580,2,34
636921,2,30
638600,2,31
638871,2,34
639010,2,35
640021,2,30
640270,1,41
640561,2,26
640710,2,35
640780,2,26
640810,1,31
641371,1,36
642100,2,32
642541,2,9
642740,2,29
643071,1,33
643581,2,28
643740,2,33
643750,2,32
644451,2,34
645201,2,28
645490,2,33
645531,1,46
646140,2,36
646521,2,34
646620,1,33
647171,1,31
647200,1,45
647331,2,30
647461,2,33
647480,1,8
647550,1,35
648000,2,35
648130,2,45
648360,2,24
648520,2,29
648630,1,27
648801,2,35
648881,2,31
648950,2,48
649891,2,23
650041,1,27
650500,2,43
650820,2,34
651150,1,33
651261,2,56
651980,2,29
652380,1,36
653331,2,34
654020,1,31
654230,2,33
654991,2,27
655161,2,32
655730,2,33
656470,2,57
656770,2,34
657600,2,38
657651,1,32
657941,1,32
658271,2,37
658710,2,24
658760,2,8
660001,2,33
660160,2,31
660630,1,31
661131,2,32
661230,2,42
661290,2,33
661381,2,24
661850,2,36
661980,1,33
663230,2,43
663331,1,28
663580,2,23
664020,2,44
664860,2,28
665350,2,28
665561,1,40
665751,1,28
666171,2,22
666211,2,27
666540,1,34
667091,2,34
667320,2,37
668301,2,33
668720,2,37
668901,2,35
669030,2,31
669481,2,13
669971,2,26
669990,1,35
670041,2,27
670601,2,35
671021,2,40
672081,2,28
672511,1,36
673121,2,32
673740,1,35
673931,2,34
675510,2,25
675541,2,31
675940,2,30
676041,1,50
676380,2,38
676850,1,41
677431,2,38
677601,1,39
677651,1,37
678350,1,34
678590,2,26
678680,1,39
679700,2,35
680080,2,26
680760,2,34
680880,2,38
681021,2,66
681030,2,49
681540,2,34
683600,2,31
684611,2,24
689820,2,31
690010,2,33
690641,2,24
690760,1,25
690901,1,41
691051,2,29
691260,2,38
691351,2,24
691870,2,34
691990,2,32
692151,2,46
692280,2,6
692491,1,48
692700,2,37
693301,2,48
693691,2,32
694720,2,39
694930,2,26
695211,2,38
696311,2,30
696350,1,29
697381,2,31
697841,2,31
698740,2,43
698870,2,53
698911,2,26
699051,1,36
699760,2,30
701550,2,31
702850,1,34
702861,1,29
703750,2,32
705520,2,38
705671,2,30
706701,1,36
707121,1,23
709370,2,31
709431,2,33
710631,2,24
710871,2,29
712381,2,10
712431,2,10
713181,2,27
713320,2,26
713590,2,24
713611,2,5
713861,1,28
713961,2,24
714960,2,28
715061,2,37
716050,2,26
716361,2,30
716831,2,32
717421,2,27
718571,2,25
719370,1,42
719601,1,46
720131,2,29
721511,1,35
722470,2,33
723751,2,38
724311,2,30
724461,2,29
724931,2,31
725981,2,30
726660,1,39
727070,2,26
727590,1,28
727601,2,35
728011,1,49
728030,2,39
728610,2,24
728911,2,27
729631,2,33
730161,2,33
730431,1,45
730551,1,8
731121,2,22
731761,2,30
731890,2,34
732220,2,50
732571,2,31
732831,2,38
733431,2,37
734190,2,5
734821,1,47
734931,2,34
735240,2,25
735321,2,32
735880,2,25
736131,2,38
736981,1,28
737500,2,8
737821,2,25
737940,2,33
738480,2,30
738771,2,32
738820,2,51
740201,2,41
740331,2,27
740501,1,35
741251,2,30
741711,2,26
742180,2,27
742571,2,45
742931,2,25
743111,1,27
743150,2,28
743200,2,34
743451,2,27
743671,1,39
744041,1,30
744561,2,28
744701,1,29
746171,2,25
746380,2,36
746401,2,28
746770,2,34
747020,2,26
747351,2,48
747751,2,40
748051,2,29
749040,1,36
749110,2,25
749111,1,38
749130,2,28
749290,2,26
749990,2,33
750121,2,31
750260,2,32
750360,2,36
751011,2,31
751550,1,39
751861,2,32
752051,2,30
752141,1,29
752361,2,41
752420,2,52
752731,2,31
753180,2,27
753541,2,30
754891,2,27
755640,2,31
755941,2,37
755951,2,30
756420,2,62
756761,2,25
757550,2,38
757600,2,32
758321,1,44
758880,2,33
758930,2,31
759270,2,25
759821,1,45
759901,2,33
760280,2,32
760290,2,43
760590,2,32
761720,1,31
763180,2,31
763351,2,32
763601,2,27
764350,2,44
764540,2,26
764691,1,19
764711,2,24
764791,2,30
765701,2,25
765960,2,33
766081,2,24
767210,1,26
767831,1,26
768481,2,31
768590,2,39
768820,1,31
769181,2,24
769501,2,32
770171,2,25
771151,1,9
771190,2,28
771960,1,33
772010,2,30
772201,2,34
772221,2,29
772680,2,28
773050,2,24
773160,2,31
773170,2,37
773431,2,31
773591,1,27
774111,2,28
774640,2,9
774760,2,30
775531,2,39
775590,2,30
776101,2,46
776120,2,26
776300,1,30
776691,2,28
777080,2,34
777710,1,31
778031,2,27
778220,2,32
778520,2,32
778650,2,27
778820,2,39
778821,2,25
779001,2,33
779210,1,58
779350,2,29
779371,2,28
779471,2,28
779620,2,33
779720,2,36
779730,2,40
779891,2,24
779950,2,32
780031,2,28
780691,2,29
781421,2,25
781551,2,27
781600,2,23
781651,2,33
781951,2,31
781991,2,34
782460,2,29
782701,2,30
782771,2,35
782801,2,31
782941,2,35
783000,2,46
783001,2,40
783160,2,30
783590,2,36
783620,2,39
783900,1,10
783950,2,26
783970,2,26
784201,2,30
784281,2,38
784830,2,32
784850,2,37
784931,1,37
785310,2,52
785601,2,32
786081,2,39
786091,2,34
786131,2,28
786181,2,25
786451,2,24
786460,2,30
786761,2,26
786911,2,32
787071,1,27
787081,2,36
787161,2,37
787351,2,51
787441,2,36
787610,2,28
787631,2,55
787700,1,40
787780,2,38
787950,2,31
788541,2,33
788611,2,22
788971,2,27
789061,2,24
789130,2,26
789531,2,31
789961,1,42
789971,2,56
790050,1,33
790350,1,26
790781,2,29
790891,2,36
791041,2,31
791090,2,29
791131,1,43
791881,2,26
791911,2,30
792051,2,32
793111,2,33
793311,1,34
793750,2,30
794021,2,39
794070,2,37
794161,2,37
794210,2,24
794890,2,24
794990,2,45
795730,2,29
796131,2,27
796400,2,30
796530,2,35
796741,2,33
796860,2,32
797291,2,37
797521,1,47
797870,2,36
798251,1,30
798561,1,17
798710,2,27
798890,2,29
799460,2,26
800330,2,37
800421,2,28
800450,2,27
800650,2,25
801590,2,28
802111,1,30
802830,2,9
803201,2,26
803680,2,34
803700,2,32
804050,2,33
804460,2,25
804490,2,33
804781,2,29
804800,2,35
805031,2,31
805050,2,41
805491,2,34
805580,2,30
805851,2,31
805891,1,31
805931,2,35
806370,2,40
806601,2,25
806731,2,34
807110,1,26
807241,2,27
807531,2,28
807761,1,36
808530,2,30
808891,1,28
809020,1,43
809511,2,34
809901,2,65
810390,2,34
810511,2,32
810820,2,28
810921,2,25
811061,2,28
811241,1,31
811631,2,35
811811,2,32
811841,2,35
812031,2,31
812060,1,35
812471,2,41
812650,1,56
812760,2,33
813231,2,26
813441,2,24
813631,2,25
813650,2,28
813861,2,33
813930,2,38
814061,2,38
814071,2,24
814691,2,29
814820,2,36
814860,2,25
814941,1,30
815350,2,10
815461,2,34
815851,1,29
815910,2,29
816280,2,30
816620,2,31
816711,2,33
816760,2,36
816900,2,29
816951,2,35
817111,2,34
817270,2,26
817700,1,50
818440,2,37
818600,2,29
819030,2,34
819151,2,36
819301,2,30
819610,2,41
819710,2,25
819881,2,30
820170,2,28
820271,2,40
821120,1,37
821200,2,40
821560,2,26
821570,2,31
821610,2,97
821690,2,34
821820,2,37
822581,1,31
822830,2,26
822951,2,36
823200,2,35
823541,2,36
823761,2,28
823771,2,28
823960,2,26
824140,2,33
824171,1,40
824671,1,32
825801,2,26
825821,1,33
825910,2,36
826090,2,10
826120,1,43
826631,2,29
826661,2,26
826731,2,33
826840,2,24
826970,1,36
827660,2,40
827670,2,30
827680,2,5
828350,2,24
829390,2,29
829550,2,25
829580,2,30
830090,2,27
830301,2,71
830410,2,25
830910,1,45
831120,2,35
831281,2,29
831891,2,28
832010,1,25
832171,1,98
832541,2,35
832731,2,41
832840,2,50
833111,1,32
833570,2,31
833771,2,28
834020,2,31
834760,1,47
835920,2,23
836451,1,31
836741,1,35
837881,2,24
838100,2,20
838340,1,39
838841,2,3
839190,1,31
839660,1,19
839720,1,34
839961,2,27
840291,2,33
840431,2,29
841551,1,29
841561,2,39
842501,2,28
842980,2,28
843530,2,32
844101,2,24
844290,2,48
844420,2,27
844591,2,45
844671,2,29
845210,2,23
845381,2,44
845691,2,28
845731,2,36
846571,2,33
846650,2,33
846751,2,32
846940,2,31
847050,2,37
847301,2,25
847820,2,35
847830,1,31
847850,2,23
848041,2,34
848230,2,26
848260,2,31
848501,2,33
848811,2,29
848841,2,27
849140,2,31
849251,1,21
849910,2,34
850321,2,26
850810,2,26
850950,1,31
851050,2,10
851630,1,28
851850,2,26
852040,2,31
852210,2,34
853751,1,31
854001,2,40
854461,1,40
854961,2,38
855051,2,28
855221,2,25
855750,2,46
856081,2,32
856661,2,29
856851,1,34
857271,2,26
857471,2,29
857581,2,27
858200,2,39
858281,2,32
858470,2,30
858850,1,44
859640,2,28
859680,2,38
860530,1,28
860531,1,33
860991,1,32
861391,2,23
861670,2,33
862491,2,38
862640,2,34
862921,1,44
863330,2,27
863670,2,24
865121,1,36
865271,2,56
865480,1,33
865811,2,36
866300,2,34
866751,2,30
867681,2,28
868821,1,31
869010,2,24
869191,2,30
869381,2,23
869421,2,37
869500,1,67
869530,2,9
869561,2,32
869730,2,38
870251,2,26
870341,2,43
870380,2,30
870970,2,35
871191,1,37
872230,1,28
872401,2,31
872661,2,26
873980,2,29
874440,2,30
875011,2,34
876071,2,26
876120,2,27
876730,2,31
876731,2,77
877530,2,25
878001,2,24
879901,1,34
880391,2,33
880650,2,104
882020,2,33
882090,2,49
882640,2,28
883021,2,25
883051,2,28
883091,2,40
883111,2,24
883160,1,34
883601,2,28
883671,2,38
884121,2,9
884780,2,33
885380,2,35
885681,1,39
885710,1,31
885960,2,26
886141,2,34
886841,2,38
887111,2,39
887141,2,29
887410,1,46
887451,2,52
887471,2,31
887600,2,28
887801,2,34
887981,2,34
888051,2,53
888250,2,27
888340,1,35
888651,1,24
888970,2,31
889421,2,27
889501,2,35
890050,2,53
890141,2,31
890691,2,32
890810,1,31
891030,2,34
891050,2,26
892431,2,27
893610,2,24
893701,2,29
893740,2,26
893960,2,29
894321,2,28
894651,2,25
895501,1,33
895531,2,26
896010,2,29
896230,2,51
896780,2,32
898210,2,38
898560,2,20
898910,2,34
899110,2,28
899440,2,38
900001,2,33
900091,2,22
900980,2,34
901420,2,27
901440,1,37
901800,2,48
902060,2,27
902741,2,40
902820,1,35
902901,1,34
903250,2,32
903340,1,25
903611,1,29
904181,1,27
904480,2,28
904751,2,38
904801,2,38
904811,2,37
905240,1,31
905841,2,24
905960,2,28
906351,2,34
906941,2,34
907481,2,41
907890,2,30
908281,2,29
909041,2,35
910071,2,30
910820,2,24
911071,2,44
911160,2,26
911241,2,32
911951,2,31
912012,2,9
912021,2,9
912671,2,30
912701,1,32
913021,2,31
913531,2,36
914250,2,31
914770,1,2
914881,2,22
915051,2,24
915261,2,23
915930,2,42
916080,1,33
916380,2,25
916720,1,46
917061,2,31
917210,1,34
917481,2,26
917490,2,23
917681,2,39
918470,1,30
918810,2,35
918811,2,25
919061,2,38
919081,1,119
919580,2,28
919811,2,34
919820,2,33
920331,2,29
920391,1,25
920920,1,28
921011,2,26
921481,2,29
921721,2,26
922820,1,33
923830,1,70
923911,1,55
923981,2,27
925950,2,30
926401,1,25
926530,2,27
927060,2,33
927111,1,27
927160,2,36
927380,2,30
928131,2,32
929921,2,26
929981,2,27
930040,2,29
931041,2,26
931121,2,31
931170,2,37
931380,2,28
931810,2,32
932190,1,23
932471,2,37
932981,2,39
933231,2,35
934811,1,37
935450,2,31
935781,2,24
936030,2,32
936091,2,25
936271,2,9
936291,2,35
936731,1,31
936840,2,29
937180,2,24
937710,2,27
938551,2,21
938951,2,32
938961,2,26
939020,2,36
939341,1,34
940480,2,31
940491,2,25
940840,2,28
941681,2,38
941781,1,35
941940,2,34
942200,1,39
942651,2,42
943501,2,30
945110,2,29
945301,2,41
945590,2,31
946100,2,9
946641,2,22
946661,2,53
946680,2,26
946910,1,35
947081,1,29
947371,2,36
947780,2,38
948391,2,28
948880,2,30
948991,1,35
949061,2,31
949831,2,31
950351,1,37
950550,2,26
950721,2,28
950791,2,37
951211,2,36
951261,2,24
951281,2,33
951331,2,28
951950,2,28
952011,2,24
952850,2,23
952860,2,36
953010,2,31
953601,2,27
953640,2,41
954071,2,21
954181,2,30
955500,2,23
955740,2,30
955960,1,41
956371,2,29
956911,2,41
957150,2,30
957521,2,37
957701,2,22
958280,2,31
958620,1,38
959411,1,31
959950,2,28
960060,1,9
960371,2,32
960590,2,29
960610,1,45
961001,2,23
961091,2,27
961291,2,28
961900,2,30
962131,2,23
963080,2,28
963330,2,27
963841,2,27
964191,2,24
964450,1,38
964650,2,25
964710,2,31
964770,2,29
964860,2,28
965000,2,29
965241,2,37
965420,2,31
965700,2,23
965821,1,27
966420,1,33
966600,1,52
966821,2,40
967380,2,30
967761,2,25
968411,2,28
969571,1,33
969740,2,29
970901,2,33
970951,1,35
971190,2,8
971400,2,40
971740,1,34
971791,2,28
972550,2,29
972761,2,31
972771,2,28
972910,2,33
973331,2,40
974090,2,38
974451,2,27
974681,2,35
974921,2,40
975950,1,27
976331,2,44
976500,2,35
976520,2,22
976641,2,29
977290,2,27
978090,2,28
978371,2,31
978420,2,33
978800,2,25
978981,2,27
979181,2,36
979551,2,44
979671,2,29
979950,2,44
980041,2,21
980430,2,30
981711,2,9
982911,2,32
983160,1,44
983161,1,33
983560,2,25
983690,1,39
983820,2,29
984361,2,38
984681,1,38
984820,2,27
984841,2,36
985691,1,32
987391,2,30
987490,2,31
987500,2,28
987630,2,29
987671,2,35
987740,2,31
988400,2,123
988850,2,24
989490,2,38
989831,2,24
989990,2,32
990191,1,38
990320,1,40
990561,1,36
990571,2,38
990811,1,28
991020,2,24
991450,1,32
991841,2,29
993051,2,43
994620,2,30
994751,2,35
995100,2,28
995290,2,30
995341,2,22
995380,1,31
995501,2,39
995920,2,24
996461,2,31
997291,2,34
997300,2,40
998130,2,33
998271,1,31
998431,2,24
998461,2,26
998640,2,28
999610,2,25
999671,2,31
999930,2,32
1000320,2,35
1000350,2,30
1001141,2,31
1001201,1,43
1001291,2,50
1001911,2,28
1002551,1,40
1002650,2,44
1003121,1,33
1004420,1,33
1004511,2,9
1004650,2,36
1005051,2,33
1006090,1,25
1006701,2,27
1007130,2,35
1007150,2,42
1007370,1,39
1007560,1,26
1008060,2,73
1009530,2,33
1009900,2,33
1010000,1,28
1010500,2,46
1011130,2,36
1011270,2,37
1011680,2,26
1012041,2,33
1012300,1,37
1013091,2,30
1013191,2,30
1014310,1,33
1015400,2,38
1016150,1,30
1018010,2,28
1018661,2,24
1019160,2,34
1019740,1,33
1020080,2,24
1021191,2,34
1021371,2,35
1021581,1,30
1022211,2,31
1023201,2,32
1023531,2,32
1023720,1,36
1024470,2,32
1024610,2,35
1024840,1,33
1025180,1,35
1025571,2,38
1025861,2,27
1026251,2,41
1027890,1,22
1028111,1,29
1028200,2,21
1028201,1,9
1028761,2,31
1029081,2,27
1029931,2,28
1029941,2,20
1030781,1,31
1032031,2,36
1032260,2,49
1032270,2,22
1032311,2,34
1033090,1,34
1033131,1,42
1034080,2,39
1034181,2,29
1034241,2,34
1034610,2,30
1034830,2,30
1035941,1,35
1036511,1,36
1037521,2,27
1037780,1,28
1038681,2,41
1038980,1,31
1039081,2,25
1040351,1,24
1040981,2,33
1040990,2,26
1041181,1,28
1041230,1,30
1041261,2,31
1041480,1,35
1042271,2,32
1042581,2,34
1044201,1,34
1044240,2,27
1045160,2,39
1046430,2,35
1046771,2,25
1047071,2,31
1048780,2,37
1049140,2,35
1049721,1,27
1051391,2,32
1051491,1,31
1052860,2,34
1055481,2,28
1057091,2,23
1057140,2,35
1057520,1,48
1057560,2,38
1058080,2,36
1058761,2,24
1059080,1,36
1059791,2,27
1060410,2,21
1060510,2,35
1060550,2,59
1061061,1,24
1061241,1,27
1061871,2,24
1062991,2,32
1064270,2,27
1066630,2,32
1066720,2,23
1067000,2,28
1067380,2,24
1067900,2,36
1069520,2,49
1070746,2,24
1071101,2,35
1071121,1,29
1071490,2,37
1071620,2,31
1071670,2,38
1072081,2,25
1073700,2,24
1074821,2,33
1074840,2,26
1074901,2,36
1075560,2,25
1075851,2,31
1076060,2,49
1076441,1,33
1076560,2,27
1076591,2,121
1077200,2,23
1077720,2,20
1077800,1,40
1078420,1,45
1078560,2,22
1079131,2,31
1079561,2,36
1079811,2,37
1080870,2,34
1081011,2,28
1081511,1,30
1081540,2,42
1082331,2,23
1083091,2,35
1083370,2,34
1083690,2,36
1083870,2,36
1084210,1,33
1084211,2,32
1084231,2,33
1084590,2,36
1084931,2,31
1085351,2,7
1085560,1,24
1085561,2,23
1085970,2,33
1086381,1,29
1086530,2,8
1088110,2,33
1088511,2,25
1089341,2,23
1089521,2,41
1090950,2,39
1091481,2,30
1091950,2,31
1092760,2,36
1094870,1,46
1095240,2,37
1095681,2,36
1097130,2,26
1097150,2,36
1097171,2,24
1097441,1,107
1098301,1,29
1099200,1,50
1099740,1,42
1100211,2,30
1101441,1,36
1104540,1,46
1104671,2,24
1105250,2,114
1106110,2,39
1106251,2,24
1107071,2,21
1107220,2,30
1107861,1,35
1107900,1,36
1107910,2,24
1108760,1,33
1109410,2,41
1109640,2,30
1109661,1,38
1110330,2,26
1111190,2,31
1111800,2,36
1111981,2,26
1112001,2,30
1112700,2,31
1113131,2,23
1113150,1,40
1113900,2,31
1113971,2,33
1114230,1,32
1114270,1,34
1114571,2,35
1115150,2,26
1115211,2,73
1115723,2,48
1116741,2,31
1117130,2,37
1117400,2,31
1118470,2,38
1118581,2,29
1118670,2,34
1120531,1,30
1121251,2,26
1124140,2,35
1124460,2,30
1124520,2,26
1126670,2,29
1126951,2,28
1127241,2,23
1127291,2,34
1128040,2,31
1129391,2,27
1129961,2,31
1131501,1,40
1131571,2,30
1132371,2,27
1132761,2,33
1133120,2,7
1134500,2,35
1134810,1,30
1136181,2,27
1136411,2,45
1136490,2,46
1136900,2,30
1137070,1,27
1137480,1,32
1137920,2,29
1140931,2,30
1141741,2,31
1144430,2,32
1144591,1,37
1146020,2,29
1146541,2,37
1147200,1,31
1147220,2,28
1148290,1,33
1148830,2,30
1149010,1,26
1151160,2,30
1151210,2,23
1151280,2,26
1151590,2,22
1151990,2,28
1152080,2,25
1152391,2,30
1152821,2,34
1153190,2,33
1153731,2,22
1153880,2,33
1153910,2,35
1154170,2,28
1154251,1,27
1154361,2,124
1155110,1,35
1155411,2,31
1155440,1,27
1155450,2,26
1155601,2,30
1155640,2,44
1155641,1,8
1155720,1,32
1155790,2,45
1155991,2,49
1156481,1,27
1156920,2,23
1157274,1,68
1157350,2,43
1157471,2,34
1157591,2,38
1157671,2,24
1157801,1,32
1157861,2,27
1157931,2,31
1158031,2,45
1158150,1,37
1158210,2,29
1158490,1,33
1158601,2,32
1158771,2,34
1158951,2,25
1159391,2,31
1159400,2,34
1159691,2,32
1159850,2,31
1160341,1,25
1160350,1,38
1160461,2,38
1160600,2,36
1160731,2,25
1160930,2,37
1161040,2,37
1161170,2,42
1161471,1,35
1161521,1,35
1162051,2,35
1162551,2,45
1162791,2,37
1162840,2,33
1162981,1,35
1163211,2,26
1163321,2,35
1163410,2,32
1163960,2,34
1165131,2,23
1165340,2,37
1165810,2,32
1166021,2,23
1166110,1,36
1166491,1,44
1166610,2,41
1167640,2,23
1167661,2,33
1167811,2,32
1167841,2,34
1168251,2,34
1168910,2,34
1168931,2,32
1169140,2,46
1169501,2,28
1169810,2,30
1170141,1,4
1170741,2,42
1171430,2,33
1171437,2,36
1171621,2,31
1171880,1,31
1172371,2,25
1172481,1,26
1172570,2,40
1172791,2,25
1173131,2,25
1173250,2,30
1174470,2,28
1174700,2,28
1175051,2,30
1175480,2,21
1175631,1,28
1176260,2,41
1176310,2,25
1176820,2,29
1177561,2,32
1177760,2,29
1177841,2,5
1178000,2,9
1178361,2,27
1178400,2,34
1178510,2,28
1178950,2,32
1179050,1,43
1181581,2,31
1181981,1,30
1182640,1,29
1182761,2,37
1183301,2,34
1184371,2,31
1184611,2,30
1185131,2,37
1185921,1,27
1186381,2,35
1186590,2,42
1186730,1,32
1187010,1,30
1187240,2,38
1187301,2,22
1187421,2,38
1187621,2,34
1187650,2,28
1188411,2,26
1188671,2,29
1188900,1,32
1189140,2,38
1189851,2,30
1189981,2,23
1190130,2,28
1190320,2,30
1190390,2,33
1190610,2,28
1190911,1,30
1191110,2,32
1191151,2,29
1191970,1,30
1192310,2,28
1192690,1,37
1193021,2,50
1193081,2,34
1193251,2,28
1193470,2,32
1193910,1,44
1194300,2,25
1194631,2,31
1194821,2,40
1195031,2,33
1195111,2,49
1195250,1,36
1195340,2,41
1195361,1,33
1195691,2,43
1195951,2,28
1195991,2,29
1196431,2,30
1196490,2,33
1196940,2,39
1197320,2,28
1197510,2,46
1197911,2,34
1197930,1,28
1197991,1,31
1198410,2,40
1198630,2,27
1199591,2,31
1199841,2,24
1200090,1,33
1200500,2,30
1201411,2,35
1202150,2,32
1202690,2,40
1203851,2,26
1203961,2,30
1204050,2,29
1205450,2,31
1205661,2,27
1206040,2,35
1206180,2,28
1207060,2,51
1207631,2,42
1207660,2,32
1208310,2,31
1208440,2,21
1208450,2,50
1209161,2,31
1211101,1,28
1211640,2,36
1211791,2,28
1212260,1,29
1212970,2,47
1213601,1,32
1214190,1,36
1214801,2,23
1215950,2,29
1216000,2,24
1216140,2,34
1216600,1,44
1218461,2,41
1218531,2,49
1220020,2,33
1220761,2,34
1220890,1,41
1221000,2,34
1221060,1,38
1221080,2,22
1222461,2,65
1223030,1,29
1223301,2,39
1223761,1,36
1223991,2,36
1224250,1,27
1224470,1,23
1224671,2,22
1225190,1,18
1225461,1,30
1225610,2,37
1225951,2,32
1225981,2,33
1226940,2,4
1227481,2,37
1227771,1,30
1228491,2,43
1228731,2,34
1228751,2,33
1228911,2,32
1229621,2,34
1230680,2,26
1232500,2,29
1232791,2,32
1233910,2,31
1234091,2,54
1234450,2,27
1235381,2,35
1235710,1,28
1236511,1,34
1237770,1,34
1237801,2,24
1237810,2,30
1238100,1,30
1238820,1,25
1239791,1,29
1240561,2,36
1240821,2,34
1241871,2,37
1242630,1,26
1243350,2,34
1244610,2,36
1245470,2,38
1245840,2,27
1245911,2,31
1246250,2,35
1246930,2,29
1246970,1,31
1247101,2,31
1247171,2,27
1247880,2,32
1248470,2,28
1248771,1,32
1249220,1,30
1249260,2,36
1250011,1,40
1250471,2,23
1250991,1,31
1251591,2,33
1251630,2,26
1251951,2,36
1252880,2,29
1253810,1,31
1255334,2,8
1257330,2,29
1257790,2,24
1258320,2,37
1258801,2,34
1258891,2,33
1259400,1,15
1260291,1,31
1260571,2,32
1261111,2,37
1261210,1,36
1261431,1,36
1261530,2,41
1261981,2,39
1263100,2,23
1263130,2,32
1263481,2,28
1263501,2,28
1264060,2,45
1264521,1,33
1264651,2,29
1264861,2,28
1265381,2,24
1265480,2,24
1266021,2,35
1267080,2,33
1267291,1,28
1267981,2,24
1268491,2,22
1269861,2,28
1270031,1,38
1270681,2,21
1271060,1,27
1271061,2,17
1273621,2,56
1273971,2,28
1274220,2,31
1274861,1,25
1274951,2,28
1275821,2,27
1276470,2,24
1276680,2,37
1276771,2,36
1277131,2,27
1277920,2,27
1278111,2,32
1279670,1,36
1281510,2,27
1283470,1,27
1284810,2,24
1286201,1,30
1286461,2,36
1286501,2,44
1287540,1,32
1288611,2,29
1290330,2,32
1290540,2,28
1290690,2,36
1291950,1,25
1292081,2,30
1292180,2,30
1293320,1,28
1293570,2,31
1294570,2,33
1295111,2,28
1295771,2,31
1296400,2,44
1297761,1,39
1298220,2,37
1298360,1,43
1298641,2,32
1299160,1,29
1300221,1,32
1300361,1,54
1300411,2,31
1300421,2,33
1300511,1,38
1300530,1,35
1300591,2,40
1301670,2,23
1301700,2,27
1302340,2,46
1302541,2,27
1302840,2,26
1304521,2,32
1305640,1,36
1305950,1,26
1306310,2,22
1306510,2,29
1306520,2,29
1306641,2,27
1306801,1,37
1307081,2,35
1307451,1,37
1307511,2,35
1307801,2,32
1308010,1,44
1308561,1,35
1309810,1,47
1310431,2,35
1311420,2,37
1311580,2,32
1311660,2,30
1311710,1,32
1312491,2,28
1312801,1,32
1314020,2,31
1314550,1,25
1314691,2,27
1314731,2,28
1314850,2,41
1315101,1,36
1315350,2,27
1315521,1,43
1315560,2,25
1316011,2,39
1316031,2,35
1316081,2,37
1316851,2,36
1317391,1,37
1317990,2,40
1318061,2,32
1318091,2,42
1320180,2,36
1320720,1,33
1321581,1,30
1321891,2,39
1321921,2,40
1322071,1,32
1322081,2,25
1322230,1,33
1322710,2,42
1323020,2,8
1323040,2,26
1323380,1,16
1323711,2,33
1324011,2,33
1324130,2,35
1324830,1,36
1325130,2,31
1325781,2,30
1325820,2,20
1326510,2,34
1326881,2,32
1327440,1,31
1327550,2,37
1328031,2,32
1329200,1,49
1329310,2,27
1330620,2,28
1330850,1,40
1331830,2,38
1332600,2,41
1332650,2,45
1332811,1,8
1333161,2,26
1333680,2,28
1333930,1,36
1334261,2,26
1335171,1,30
1335311,2,33
1335391,2,33
1335480,2,108
1335561,2,30
1336520,2,26
1336561,2,31
1336870,1,29
1337001,2,27
1337171,2,31
1337281,2,32
1337551,1,124
1337861,2,32
1338400,2,25
1339070,2,24
1340241,2,2
1340251,1,48
1341111,2,26
1342101,1,34
1342301,2,32
1342550,2,42
1342600,2,41
1343441,2,40
1343490,2,27
1343850,1,29
1344090,1,36
1344981,1,29
1345281,2,37
1345470,2,37
1346451,1,32
1346621,2,23
1346830,1,29
1347530,1,33
1348030,2,28
1348141,2,37
1348281,1,30
1349100,2,27
1351680,2,25
1352231,1,30
1353180,2,25
1353491,1,40
1353550,2,37
1353711,2,25
1354630,2,30
1354731,1,33
1355581,2,23
1356151,2,34
1356800,2,43
1358090,2,34
1358101,2,22
1358421,2,20
1358660,2,28
1358801,2,33
1359720,1,35
1360560,2,28
1360780,2,28
1361020,2,37
1361050,2,27
1361291,1,45
1361380,1,44
1361811,2,34
1362321,2,30
1362500,2,53
1362520,2,29
1363351,2,39
1363450,2,26
1363511,1,48
1364420,2,25
1365570,2,32
1365651,1,33
1365800,1,32
1366531,2,25
1366560,2,28
1366750,2,25
1367080,2,32
1367290,2,28
1367420,1,31
1368070,2,33
1368420,1,8
1368580,2,35
1368611,2,27
1368750,2,27
1368791,2,28
1369771,2,32
1369861,2,8
1370011,2,45
1370071,2,39
1370471,2,26
1371630,2,28
1372070,1,30
1372081,1,42
1372960,1,39
1373161,2,35
1373271,2,32
1373600,2,25
1374591,2,46
1374811,2,26
1374871,1,35
1376430,2,34
1377030,2,28
1377130,2,36
1377834,2,35
1379210,2,31
1379711,2,37
1380021,2,24
1380720,1,34
1381051,2,25
1382501,2,21
1384060,1,65
1384391,2,29
1384521,2,28
1384730,1,60
1385110,2,43
1385240,2,32
1385421,2,32
1385500,2,36
1385780,2,28
1386391,2,24
1386780,1,34
1387280,1,27
1387990,1,35
1388300,2,24
1388471,2,37
1389381,2,22
1389510,2,31
1390191,2,30
1390530,1,68
1391701,2,28
1391741,2,32
1392011,2,51
1392870,2,31
1393361,2,37
1393720,1,36
1393980,2,45
1394060,2,30
1394831,2,25
1394920,2,25
1395261,1,44
1395310,2,31
1395521,2,26
1395621,2,30
1395681,2,47
1395860,2,56
1395900,2,31
1395931,2,33
1396110,1,27
1397150,2,28
1397151,2,30
1397240,2,31
1397881,2,25
1398081,1,26
1398101,1,27
1398461,2,24
1398470,2,27
1399100,2,29
1399201,2,29
1399410,1,34
1399490,2,30
1399881,1,40
1400510,2,35
1401110,2,28
1401531,2,23
1401981,1,34
1402320,2,38
1402330,2,31
1403121,2,39
1403271,2,35
1403290,1,37
1404010,2,29
1404520,2,35
1404830,2,24
1405411,1,24
1405711,2,34
1405961,2,34
1406141,2,21
1406280,1,27
1406840,2,35
1407051,2,27
1407611,2,21
1407690,2,28
1407750,2,33
1408121,2,35
1409590,2,36
1410610,1,36
1410640,2,30
1410820,1,33
1411411,2,35
1411841,2,29
1411931,2,39
1412440,2,25
1412851,2,33
1412961,2,31
1413791,2,23
1413981,2,25
1414301,1,25
1414350,2,37
1414480,2,28
1414511,2,29
1414871,2,32
1415501,2,31
1415551,2,34
1415760,2,28
1415780,2,30
1416020,2,29
1416050,2,35
1416161,2,28
1416371,2,32
1416440,2,27
1417830,2,31
1418470,2,31
1418641,2,35
1419671,2,41
1419770,2,26
1419970,2,36
1420201,2,29
1420320,2,27
1420421,2,21
1420521,2,20
1420731,1,37
1420750,2,22
1421560,1,29
1422010,2,22
1422960,2,35
1422971,2,31
1423751,1,38
1423968,1,52
1424281,2,36
1424410,1,24
1424691,2,28
1425171,1,29
1425560,2,29
1427291,2,29
1427870,2,40
1428810,2,32
1429131,2,24
1429431,2,27
1429630,1,32
1430221,2,32
1430250,2,37
1430430,2,31
1430650,2,7
1431370,2,37
1431731,1,37
1432181,2,25
1432360,1,40
1432440,1,35
1432870,2,29
1433340,2,35
1433951,2,37
1434360,2,26
1434730,2,37
1436210,2,42
1436731,2,31
1437071,2,31
1437420,1,33
1437921,2,26
1438070,2,29
1438320,1,37
1439091,2,35
1439571,2,31
1440050,2,30
1440180,2,23
1440220,2,33
1440421,2,23
1441141,2,46
1441331,2,27
1441600,2,35
1441660,2,26
1441771,2,8
1441801,2,31
1441840,1,30
1441911,2,37
1441960,1,39
1442241,2,36
1442251,2,29
1442671,1,30
1442891,2,36
1443161,2,31
1443250,2,38
1443680,1,35
1444020,2,31
1444210,2,33
1444781,2,27
1445450,1,29
1445480,2,47
1446220,2,32
1446310,1,33
1446820,2,114
1447071,2,29
1447511,2,26
1447810,2,34
1448090,1,25
1448130,2,25
1448510,2,29
1448630,2,30
1448741,2,28
1449340,1,37
1449421,2,37
1449701,2,26
1449941,2,30
1450311,2,29
1450711,1,31
1451241,2,40
1451750,2,53
1451951,1,26
1452821,2,26
1452911,2,25
1453420,2,34
1454521,2,26
1454591,2,30
1456260,1,41
1457291,2,32
1457800,2,35
1458881,2,31
1458961,2,15
1460120,2,28
1460450,2,8
1461251,2,39
1461261,1,39
1462061,2,26
1462530,2,53
1463610,1,37
1463880,2,32
1463881,2,45
1464441,2,40
1464450,2,39
1465641,2,28
1466241,2,29
1466530,2,40
1466810,2,32
1467000,2,25
1467391,1,34
1467410,1,32
1467460,1,33
1467701,1,37
1467951,2,28
1468090,2,32
1468300,2,34
1468590,2,26
1468691,2,33
1471201,2,34
1471450,1,48
1472531,2,29
1472821,2,37
1472960,2,37
1473221,2,33
1473731,1,29
1474191,2,25
1474730,2,35
1474971,2,34
1475110,2,28
1475370,2,28
1475760,2,29
1476150,2,34
1476270,1,31
1476580,1,34
1476711,2,34
1477570,2,39
1477931,1,105
1478411,2,38
1478770,2,33
1478771,2,28
1479590,2,27
1481071,1,29
1482470,1,41
1482811,2,35
1483751,2,22
1484100,2,29
1485671,2,38
1485680,2,40
1485861,1,40
1486601,2,30
1486621,2,30
1486671,1,5
1487231,2,22
1487831,1,48
1487960,2,35
1488020,2,29
1488221,2,33
1489161,2,30
1489350,2,33
1489561,2,30
1489931,2,31
1490021,2,36
1490040,2,36
1490071,1,39
1490121,2,37
1490290,2,30
1490381,2,38
1490971,2,26
1491301,1,34
1491481,2,37
1491610,2,33
1491681,2,33
1491910,2,5
1492000,2,28
1492100,2,27
1492180,2,26
1492270,2,26
1492621,2,28
1492751,2,32
1492850,2,24
1492891,1,25
1492951,2,34
1493120,2,33
1493341,2,7
1493850,2,32
1494010,2,25
1494060,1,33
1494120,2,32
1494130,2,22
1494280,2,21
1494391,2,27
1494551,2,31
1494711,2,26
1495090,1,32
1495421,2,24
1496020,2,26
1496200,2,35
1496290,2,38
1496521,1,30
1496781,2,32
1497191,2,38
1497441,1,43
1497531,2,30
1497811,2,36
1497880,1,38
1498210,2,29
1498291,2,31
1498350,2,34
1498481,2,28
1498560,1,28
1498820,2,33
1498880,2,34
1499040,2,25
1499050,2,49
1499950,2,34
1499980,2,35
1500170,2,32
1500171,2,25
1500351,2,35
1500570,1,45
1500790,2,31
1500821,2,31
1500991,2,31
1501020,1,38
1501380,2,48
1501440,2,30
1501491,2,8
1501530,1,31
1501540,2,24
1501650,1,35
1501931,2,40
1501971,2,32
1502360,2,35
1502401,1,33
1502540,2,23
1502890,2,33
1503110,2,25
1503280,2,39
1503361,2,23
1503541,2,35
1503581,2,31
1504051,2,35
1504841,2,36
1504970,2,45
1505031,2,38
1506091,2,34
1506450,2,34
1506821,2,32
1506871,1,35
1506971,1,44
1507170,2,39
1507290,1,33
1507300,2,28
1507551,2,44
1507760,2,26
1507910,2,28
1507911,2,28
1508021,1,26
1508750,2,31
1508791,2,31
1509010,2,37
1509150,2,32
1509160,2,40
1509380,2,34
1512711,2,28
1512810,2,31
1513610,1,26
1513801,1,7
1513921,2,31
1514101,2,22
1514190,2,24
1514491,2,49
1514621,1,42
1514930,2,38
1515150,2,32
1515281,2,23
1515340,2,22
1515420,2,26
1515690,1,35
1515901,2,34
1515940,2,4
1516301,2,35
1516451,2,25
1516801,2,42
1516841,2,24
1516910,2,23
1517060,2,26
1517190,1,30
1517840,2,37
1517911,2,36
1518080,2,33
1518200,2,31
1518630,2,33
1518731,1,28
1519680,1,30
1520340,2,35
1520500,1,26
1520990,2,37
1521020,2,24
1521441,1,41
1521711,2,31
1521981,2,25
1522300,1,41
1522571,1,40
1522690,2,31
1524011,2,49
1524110,1,30
1524171,2,24
1525010,2,35
1525391,1,46
1526240,2,29
1526411,2,23
1526610,2,33
1526870,1,34
1527110,2,27
1528000,2,23
1529870,2,34
1530181,2,31
1530931,2,32
1531130,2,28
1531340,2,25
1531910,2,25
1532660,2,29
1533601,2,30
1534051,2,32
1535241,2,31
1535551,2,25
1535630,2,24
1535690,2,25
1536640,2,29
1536721,2,34
1536850,2,33
1536991,1,36
1538361,2,25
1538970,2,30
1539090,2,28
1539781,2,34
1540321,1,28
1540950,2,38
1542120,2,25
1543520,2,59
1544321,2,28
1544680,2,53
1545750,1,20
1546631,2,27
1548421,2,42
1548720,1,29
1550331,2,46
1550790,2,28
1550791,1,47
1551451,2,23
1551830,1,34
1552061,2,5
1552371,2,41
1553110,2,44
1553171,2,42
1554571,1,31
1554621,1,30
1554931,2,40
1555991,1,45
1556060,2,39
1557040,2,33
1557440,2,35
1557630,2,21
1557750,1,28
1559480,2,31
1559751,2,33
1560671,2,27
1561000,1,54
1561110,2,33
1562311,2,31
1562480,2,27
1563150,2,28
1563280,2,36
1563291,2,28
1563741,2,24
1564101,2,39
1564131,2,32
1564300,2,31
1564410,2,33
1565090,2,34
1565501,2,30
1565551,2,29
1565830,2,24
1566211,1,30
1566871,1,27
1567391,2,22
1567990,2,23
1568041,2,49
1568480,1,8
1568880,2,38
1569221,2,42
1570261,1,39
1570640,2,23
1570840,1,41
1570981,2,38
1571041,2,32
1571380,2,38
1571481,1,30
1572011,2,49
1572160,2,30
1583811,2,23
1584940,2,31
1585630,2,26
1585821,2,38
1586400,2,58
1586830,2,35
1587840,2,26
1589021,1,32
1589281,2,27
1589301,1,27
1589960,2,22
1590240,2,36
1590870,2,27
1591841,2,42
1593160,1,30
1594231,2,40
1594631,1,32
1594750,2,33
1594890,2,27
1595190,2,23
1596581,2,27
1596910,1,22
1596980,1,34
1598310,2,33
1598371,2,23
1599001,1,51
1599170,1,29
1599611,2,35
1600180,2,23
1600390,2,35
1600641,2,49
1602560,1,45
1602621,1,29
1602691,2,7
1602971,2,27
1603800,2,23
1603841,2,21
1603941,2,37
1604031,1,25
1604100,1,31
1604530,2,21
1604811,2,35
1605240,2,25
1605550,2,37
1605731,1,103
1606001,2,42
1606131,2,26
1606900,2,38
1607041,2,27
1607610,2,37
1608190,2,41
1608631,2,23
1608851,2,25
1609901,2,30
1610051,1,24
1610450,2,41
1611310,2,22
1611401,1,31
1611581,2,23
1612841,2,54
1613270,2,39
1614001,2,25
1614011,2,27
1614060,1,49
1614291,2,38
1614860,2,27
1615000,2,33
1615161,2,24
1616890,2,56
1618431,2,26
1618541,2,30
1619120,2,34
1620171,1,28
1621420,2,32
1621500,1,35
1622381,2,32
1622500,2,32
1622591,2,30
1623741,2,36
1625010,1,21
1625090,1,25
1626630,2,29
1627220,2,37
1627870,1,28
1628201,2,32
1628330,2,33
1628560,2,29
1628590,2,35
1629320,1,27
1629510,2,27
1629570,1,37
1629790,2,32
1630851,2,42
1631110,2,30
1631341,1,46
1631740,1,39
1632030,1,32
1632401,2,32
1633231,1,31
1633981,2,20
1634111,2,31
1634171,2,37
1634250,2,33
1634401,2,23
1634590,2,35
1636060,2,35
1636121,1,36
1636210,2,24
1636331,2,8
1636791,2,23
1637621,1,36
1638431,2,36
1638561,2,24
1639391,2,27
1640000,2,61
1640520,2,39
1640811,2,36
1640921,2,34
1641421,2,20
1641770,2,24
1642191,2,29
1643090,2,31
1643660,2,37
1644001,2,29
1644121,2,42
1644451,2,32
1644491,1,34
1644681,2,38
1645070,1,23
1645550,2,26
1645941,2,30
1646391,2,25
1646601,2,34
1647101,2,33
1647260,2,37
1647840,1,41
1648191,2,30
1648470,2,28
1648481,1,42
1648861,2,32
1648891,1,24
1648931,2,33
1649050,2,40
1649431,1,31
1649670,2,26
1651370,2,34
1651491,2,22
1652760,2,30
1663231,2,34
1667211,2,27
1667971,1,39
1668001,2,30
1668250,1,28
1668940,2,44
1671031,1,24
1671041,2,24
1671231,2,16
1671381,2,27
1671680,1,26
1671700,1,48
1671870,2,46
1671910,2,31
1673031,2,29
1673231,2,6
1673361,2,28
1673480,2,26
1673811,2,49
1674221,1,44
1674600,2,26
1674851,2,34
1675380,2,23
1675880,2,28
1676411,2,36
1676610,2,31
1677760,2,28
1678020,2,30
1678161,1,24
1678610,2,50
1679121,2,30
1680281,2,21
1681860,2,22
1682520,2,26
1682671,1,25
1683450,1,35
1683541,2,38
1683550,2,30
1683770,2,51
1684020,2,54
1684110,2,21
1684440,2,21
1684740,2,20
1685000,2,30
1685331,2,37
1686730,2,23
1687780,1,59
1687870,2,35
1687971,2,26
1688080,2,17
1688851,1,36
1689151,2,20
1689281,2,23
1689431,1,29
1689850,2,35
1689851,2,31
1690001,2,21
1690160,2,83
1690430,2,38
1692340,2,5
1692420,1,28
1693900,2,36
1694081,1,47
1694230,2,31
1694971,1,24
1695381,2,22
1696441,2,32
1698391,2,41
1698420,1,42
1698761,2,31
1700190,1,35
1700240,2,29
1700590,2,28
1700680,2,33
1701120,2,24
1701180,2,20
1702751,2,27
1702830,2,30
1703661,1,7
1706090,1,44
1707530,2,29
1708591,2,29
1708790,2,22
1709051,2,30
1709520,1,37
1709580,2,45
1709890,2,32
1710661,2,39
1711161,2,34
1712240,2,50
1712480,2,29
1713340,2,24
1714410,2,26
1715971,2,25
1716191,2,41
1716390,2,41
1717330,2,21
1718141,2,31
1718230,2,37
1719190,2,32
1720341,1,6
1721160,2,36
1721861,2,49
1722690,2,26
1723291,2,42
1723590,2,27
1724130,2,43
1725930,2,34
1726400,1,5
1726571,2,49
1727740,2,35
1727990,1,25
1728010,2,35
1728701,2,38
1728710,2,34
1729431,2,27
1729511,2,58
1729751,2,31
1729790,2,39
1729921,2,23
1730050,2,30
1730461,2,40
1731060,2,34
1731110,2,29
1731171,2,29
1731471,2,44
1732140,1,30
1732930,2,30
1733130,2,37
1733251,2,28
1734401,2,50
1735061,2,22
1735081,2,30
1735540,2,34
1736100,2,28
1736501,1,45
1738391,2,32
1738810,2,37
1738890,2,27
1739640,1,40
1739861,2,34
1739901,1,30
1740391,2,39
1741441,2,39
1741711,2,42
1742170,1,41
1742671,1,38
1743120,1,54
1743171,1,27
1745851,2,25
1746321,1,33
1746721,2,28
1746771,2,31
1764445,1,49
1764580,2,25
1765261,1,25
1765711,1,45
1767221,2,22
1767270,2,27
1767611,2,54
1769360,2,38
1769780,2,30
1769871,1,4
1771440,2,26
1771821,2,30
1772140,1,37
1772261,1,23
1775210,2,44
1775851,2,32
1776030,2,25
1778840,2,32
1779021,2,30
1779071,2,22
1779190,2,27
1779510,2,23
1779590,2,38
1780600,2,33
1780670,2,32
1781571,2,30
1782501,2,29
1786650,2,48
1787010,1,34
1787201,2,28
1788061,2,21
1789250,2,23
1789311,2,27
1791671,2,7
1791820,1,63
1793741,2,39
1793751,2,31
1794551,2,32
1796341,2,42
1798670,1,51
1798761,2,26
1800491,2,27
1801000,1,25
1801191,2,29
1802090,2,24
1803080,2,26
1803131,2,35
1803660,2,35
1805250,1,26
1806591,2,30
1806651,1,22
1808211,1,38
1809551,1,25
1810960,2,25
1811191,2,30
1811460,1,23
1811520,2,32
1812431,1,35
1812541,2,3
1812780,1,27
1812801,2,27
1813330,1,46
1815191,2,35
1817771,2,25
1817931,2,54
1818180,2,51
1818270,2,25
1821931,2,36
1824171,1,23
1824300,2,23
1825161,2,24
1825211,1,24
1826651,1,40
1827361,2,42
1827910,1,36
1828110,2,2
1829831,2,40
1830041,2,21
1830291,2,56
1830330,2,35
1830360,2,25
1831260,1,42
1831481,1,31
1831521,2,34
1831741,2,41
1832510,2,24
1832790,2,32
1832941,2,20
1833091,2,23
1833240,2,35
1833550,2,26
1833600,2,28
1833701,2,26
1833871,2,33
1834040,1,26
1834160,2,23
1834311,2,38
1834390,2,41
1834541,2,37
1834881,2,27
1834940,2,46
1835041,2,31
1835160,2,22
1835460,2,30
1835970,2,36
1836281,2,63
1836641,2,36
1836870,2,40
1837421,2,31
1837561,2,37
1837890,2,35
1838021,2,28
1838231,1,37
1838401,2,26
1838410,2,27
1838480,2,25
1838580,2,30
1838790,2,29
1838800,2,32
1839001,1,31
1839211,2,25
1839240,2,48
1839411,2,24
1839471,2,42
1839851,2,32
1839861,2,34
1841301,2,21
1841380,2,29
1841441,2,35
1841521,2,34
1841530,2,32
1842491,2,41
1843320,2,27
1843451,2,39
1843770,2,34
1843931,2,22
1844690,2,31
1844701,2,27
1845140,2,28
1845711,2,33
1845830,2,34
1846251,2,30
1846430,1,40
1846510,2,25
1853801,1,42
1914160,2,48
1931280,2,30
2067500,1,47
2115471,2,41
2191320,2,6
2201491,2,27
2203980,2,23
2297000,2,23
2308350,2,25
2309110,2,24
2309111,2,32
2311521,2,36
2311540,2,23
2314481,2,25
2314851,1,48
2315240,2,33
2315300,2,42
2316010,2,54
2316321,1,38
2316980,2,25
2317511,2,32
2320930,2,33
2321220,2,33
2321621,2,28
2322100,2,30
2322120,2,21
2322711,2,43
2325190,2,30
2325261,2,30
2326560,2,41
2326840,1,27
2328221,2,29
2328831,2,37
2330241,2,28
2330441,2,31
2330471,2,42
2333881,2,30
2334720,2,34
2335490,2,40
2335820,2,35
2336450,2,40
2336851,2,28
2338451,2,28
2338921,2,40
2342181,1,33
2342651,2,35
2342910,2,23
2343401,1,5
2344621,1,30
2344901,2,26
2349641,2,28
2349821,2,27
2350770,2,33
2351541,2,46
2351961,2,31
2353880,2,34
2354621,2,36
2355251,2,2
2358340,2,48
2358890,2,38
2359220,2,36
2359290,2,28
2360261,2,41
2362000,2,21
2363410,1,34
2364391,2,31
2364661,2,35
2364851,1,31
2364910,2,28
2365010,2,28
2365030,2,22
2365330,2,28
2366541,2,34
2367361,2,29
2367490,1,36
2367701,1,45
2368960,2,33
2370931,2,30
2371991,2,25
2372250,2,30
2374171,2,23
2374191,2,36
2375531,1,31
2376051,1,40
2378461,2,28
2379531,2,26
2380981,2,29
2382331,1,24
2382720,2,27
2383960,2,31
2384861,2,31
2385010,2,32
2386301,2,22
2388341,2,21
2388671,2,87
2392520,1,33
2398891,1,35
2401000,1,33
2409711,2,27
2410270,2,31
2412220,2,24
2413680,2,36
2413881,2,25
2414770,2,27
2414860,2,25
2415821,2,38
2416480,1,52
2420070,2,36
2420421,1,34
2422340,2,25
2422510,2,47
2423180,1,28
2424160,2,28
2424700,2,37
2425530,2,38
2425871,2,24
2426269,1,43
2426851,2,25
2427490,2,24
2427870,2,29
2428140,2,32
2429601,1,40
2431531,2,31
2432271,2,26
2433031,1,31
2436901,1,22
2440620,2,28
2442140,2,27
2443610,2,26
2443671,2,45
2444140,1,35
2445910,2,46
2447740,2,26
2448410,1,49
2449830,1,38
2449871,2,36
2450540,1,45
2451701,2,31
2452101,1,26
2453611,1,26
2458021,2,20
2462000,1,60
2462060,2,27
2462181,2,28
2463521,2,23
2463710,1,33
2463960,2,30
2464181,2,25
2465140,2,26
2465401,2,31
2466130,2,31
2467210,2,21
2467591,2,29
2470001,2,31
2470191,1,30
2470481,2,21
2471440,2,25
2472450,2,33
2472560,1,37
2473241,2,24
2474900,1,28
2476160,2,27
2476660,2,32
2477581,2,60
2477891,2,35
2478881,2,25
2479891,2,31
2481901,2,25
2484951,1,37
2485481,1,32
2486481,1,33
2487291,2,23
2488051,2,35
2490161,2,28
2492360,2,26
2495371,2,21
2495400,2,26
2497241,2,14
2498960,2,28
2500311,2,40
2501901,2,29
2502721,2,20
2510551,2,33
2510911,2,27
2512950,2,35
2514861,2,36
2515761,2,50
2516240,2,29
2516330,1,79
2520131,1,41
2520391,2,29
2520700,2,31
2521191,2,23
2525601,2,33
2528760,2,42
2529180,2,23
2532061,1,39
2532301,2,23
2535000,2,35
2535941,1,26
2536001,2,38
2537476,1,51
2538064,1,36
2538580,2,37
2538611,2,6
2539991,1,30
2546741,2,24
2551941,2,30
2553340,1,36
2553960,2,27
2554891,1,37
2555281,2,29
2555561,2,22
2559521,2,29
2560331,2,29
2562650,2,36
2562981,2,30
2564800,2,33
2565480,1,35
2566580,2,39
2567100,1,26
2568341,2,29
2569700,2,29
2569831,1,26
2570231,2,27
2571381,1,48
2571801,1,25
2577001,1,27
2577580,2,33
2578000,2,18
2580480,1,28
2585021,2,32
2585121,2,25
2586280,2,26
2589071,2,36
2593590,2,20
2593770,1,25
2594020,2,23
2595029,1,36
2595051,2,40
2595421,2,34
2595851,2,21
2596041,1,31
2597750,2,29
2599630,2,24
2600310,2,30
2600341,1,34
2600870,1,104
2601091,2,24
2601531,2,46
2601951,2,33
2610160,1,40
2610220,2,31
2611251,2,30
2612590,1,37
2612800,1,25
2615690,2,22
2616181,2,34
2617150,1,28
2617800,2,22
2618211,1,33
2621191,2,33
2621581,1,36
2621711,2,26
2622581,2,46
2623370,2,24
2624801,1,39
2625870,2,22
2629941,2,26
2630391,2,30
2630500,2,30
2630860,2,22
2632411,1,27
2633371,1,25
2634650,1,27
2635511,1,33
2635801,2,29
2636471,2,37
2637960,2,34
2640270,1,30
2640841,2,27
2641570,2,36
2643291,2,37
2644691,1,48
2644810,2,28
2645441,2,26
2646021,2,34
2646051,2,22
2646821,2,23
2647411,2,25
2647451,2,34
2647751,2,28
2648011,2,29
2649180,1,26
2649520,1,28
2650180,2,39
2652371,2,32
2654350,2,33
2656300,2,27
2656460,1,38
2656578,2,32
2657131,2,24
2659450,2,24
2660200,2,24
2660601,2,28
2661400,2,27
2664681,1,29
2666701,2,21
2666810,2,24
2667210,2,24
2671710,2,27
2671721,2,26
2671840,2,29
2672211,1,38
2673810,1,41
2676260,2,29
2677871,2,22
2678410,1,37
2681920,1,28
2683301,2,37
2684720,2,32
2686851,2,43
2687160,2,27
2687540,2,26
2688070,2,30
2688351,1,37
2688490,2,27
2689650,1,28
2690131,2,25
2691111,2,27
2691381,2,24
2692450,2,27
2692940,2,35
2693110,1,29
2693190,2,35
2696010,2,21
2696600,2,28
2696770,2,26
2697081,1,27
2697371,2,47
2698940,1,32
2698951,2,28
2701310,1,24
2706790,2,22
2742031,2,38
2759481,2,23
2764100,2,27
2765451,2,25
2793771,1,32
2797611,2,7
2804270,1,34
2805161,1,34
2812190,2,49
2827741,2,32
2828371,2,37
2841391,2,23
2846400,2,31
2846621,1,46
2848161,1,40
2849170,2,23
2849430,2,23
2850071,1,28
2850941,2,24
2851360,1,28
2853881,2,33
2853900,2,32
2853901,2,33
2854140,1,29
2855150,2,38
2855641,2,26
2857641,2,20
2857660,2,37
2857900,2,29
2858221,2,41
2858671,1,26
2859580,2,34
2860200,2,36
2863900,2,4
2863910,2,25
2864381,2,30
2865081,2,34
2865351,2,32
2865630,1,42
2866256,1,31
2868471,2,27
2868741,1,37
2870170,2,34
2871630,2,33
2872421,2,25
2873180,2,38
2873251,2,26
2873790,2,21
2875191,2,26
2875601,1,26
2875651,2,46
2876751,2,51
2878041,2,21
2880076,2,5
2880261,2,39
2880920,2,25
2883010,2,39
2883701,2,31
2884420,1,30
2884550,1,21
2884950,2,31
2885580,2,37
2885621,2,39
2887211,2,30
2887541,2,27
2887941,1,25
2888100,2,26
2889421,2,25
2889720,2,36
2890631,2,29
2895750,2,32
2896730,2,31
2896830,2,27
2897200,2,31
2897341,1,29
2898450,2,43
2900860,2,34
2901121,1,41
2902110,2,28
2902790,2,23
2903081,2,23
2903650,2,5
2904321,2,27
2904390,2,40
2905110,1,38
2909891,2,27
2914290,2,32
2916050,1,39
2916250,1,59
2921451,2,24
2921951,2,23
2922031,2,25
2922740,2,22
2923391,2,36
2923450,2,29
2924350,2,44
2924991,2,38
2925171,2,23
2925510,2,24
2925720,2,28
2926520,1,35
2926590,2,28
2927991,1,24
2929320,2,25
2935501,1,41
2936741,2,25
2936980,2,26
2937181,2,35
2937360,1,29
2937490,2,54
2937740,2,20
2939991,2,23
2942211,2,38
2943330,1,36
2943401,2,39
2948861,1,25
2953790,2,30
2963571,2,30
2963810,2,38
2969830,2,26
2971180,2,3
2971481,2,24
2974491,2,24
2975020,2,41
2977990,1,24
2978290,1,35
2979851,2,33
2987840,2,35
2988031,1,48
2989540,2,40
2990711,2,35
2990811,1,30
2990941,2,40
2992340,1,43
2992771,2,22
2992830,2,44
3001110,2,5
3005170,2,22
3005501,1,66
3005781,1,36
3006501,1,33
3010070,2,35
3010540,1,39
3010851,2,28
3011240,2,38
3012541,2,19
3015920,2,36
3017150,2,22
3017561,2,5
3017651,1,22
3018570,2,22
3021151,2,35
3022189,1,34
3028600,2,28
3030270,1,22
3031340,2,34
3031481,2,36
3033931,2,6
3035960,2,50
3038970,1,27
3040140,2,22
3041191,2,29
3041370,2,23
3041691,2,20
3043140,2,33
3044111,2,26
3044570,2,39
3044631,1,56
3046401,2,26
3049820,2,27
3053740,2,24
3054380,2,23
3055371,2,21
3055931,2,27
3058141,2,31
3060421,2,27
3060550,2,39
3060551,1,38
3060751,1,25
3061121,2,20
3062371,2,21
3063430,2,26
3064370,1,26
3066090,2,5
3066231,2,22
3067990,2,23
3068381,2,26
3069150,2,24
3070580,1,32
3070781,2,33
3071460,2,29
3074121,2,29
3074651,2,30
3076400,2,28
3076761,1,30
3077340,1,30
3079021,2,105
3079590,2,33
3079701,2,102
3079890,2,20
3080000,2,28
3080160,2,31
3081691,2,37
3081711,2,31
3081751,1,27
3082271,2,32
3083400,2,27
3085110,1,37
3085541,2,27
3086080,2,26
3086100,2,35
3088731,1,33
3088800,2,26
3089001,2,25
3090211,2,20
3092120,2,23
3093850,2,27
3096100,2,20
3097011,1,32
3098001,2,42
3098660,1,33
3099750,2,20
3101321,2,21
3101460,2,33
3103410,2,26
3104381,2,26
3105431,2,35
3105970,1,26
3105971,2,25
3106031,2,25
3106820,2,25
3106920,2,34
3107051,2,21
3107070,2,37
3107151,2,38
3107531,2,27
3107681,2,26
3107921,2,26
3108410,2,31
3108541,2,31
3108671,2,20
3108910,1,25
3109021,2,46
3109600,2,27
3109690,2,35
3110031,2,35
3110340,1,25
3110361,1,39
3110631,2,5
3111580,2,27
3111791,2,34
3111840,2,38
3111890,2,28
3112201,1,36
3112450,1,37
3112801,2,34
3113220,2,49
3113501,2,28
3113520,2,32
3113531,2,32
3114510,2,23
3114881,2,26
3115491,2,24
3115670,2,17
3115740,2,32
3116260,2,41
3117441,2,30
3117501,2,34
3117540,2,40
3117561,2,19
3117630,2,103
3117831,2,39
3118580,2,41
3118641,2,35
3119191,1,28
3119210,2,23
3119351,2,23
3119500,2,25
3119881,2,30
3120041,1,31
3120491,2,28
3121000,1,35
3121100,1,27
3121329,2,33
3122771,2,33
3123361,2,33
3123461,2,23
3123770,2,5
3123801,2,36
3124320,2,36
3124601,1,24
3124930,2,32
3125250,2,40
3125920,2,41
3126451,2,26
3130151,1,31
3130240,1,25
3132221,2,34
3132800,2,5
3132980,1,32
3133141,2,27
3133371,2,25
3133471,2,32
3133500,2,26
3134400,2,37
3134781,1,38
3135920,2,32
3135970,1,25
3137370,2,5
3138130,2,21
3138620,2,39
3140790,2,45
3144510,1,28
3144730,2,25
3147420,2,49
3147610,1,33
3148090,2,35
3152620,1,30
3153831,1,31
3153871,2,34
3153971,2,27
3154360,1,15
3155350,1,37
3155580,2,35
3158711,2,19
3158891,2,38
3159971,2,25
3160031,2,30
3160831,2,30
3161741,2,53
3162001,2,3
3163051,1,33
3164490,2,46
3164680,1,35
3165200,2,25
3167910,2,42
3168570,2,26
3169140,2,30
3169311,2,24
3169380,2,34
3170370,1,44
3172890,1,24
3173270,1,42
3173411,2,32
3175260,2,25
3176510,2,27
3177461,2,45
3178611,1,27
3178701,2,32
3179811,1,55
3179971,1,6
3180540,2,49
3180621,2,20
3181731,2,39
3181851,2,26
3182160,2,27
3183210,2,27
3184301,1,35
3184621,2,32
3184651,2,39
3184790,2,32
3184800,1,22
3189340,1,36
3189831,2,29
3190191,2,21
3191040,2,25
3191631,1,5
3192271,2,39
3192321,2,41
3192631,2,28
3192930,1,44
3193410,2,24
3194071,2,28
3194620,2,23
3194800,1,24
3197021,1,39
3197210,2,28
3197421,2,24
3197540,2,19
3198171,2,23
3198890,2,29
3202301,2,31
3202781,2,22
3203241,2,24
3203541,2,32
3204081,2,20
3300271,2,23
3304801,1,29
3307531,2,20
3310801,1,36
3310870,2,43
3311140,1,29
3316510,2,22
3318541,2,25
3321181,2,22
3323251,2,27
3327070,2,25
3328321,2,25
3331180,2,25
3334501,1,35
3335620,1,32
3337231,1,24
3345991,2,37
3348220,1,5
3349150,2,37
3352171,1,26
3354961,1,29
3359140,2,24
3360610,2,28
3362410,2,19
3366940,2,32
3371920,1,24
3377230,2,26
3379720,2,5
3380671,2,20
3382090,2,21
3382120,2,43
3383200,2,24
3385330,1,35
3385480,2,29
3386170,2,33
3389191,2,30
3390190,2,29
3392440,2,30
3392560,2,30
3393610,2,23
3394441,2,26
3394570,2,19
3397240,2,33
3400660,2,21
3413521,2,22
3413920,2,33
3414901,1,30
3416911,2,26
3421330,1,26
3421381,2,24
3422590,2,31
3426571,2,21
3430240,2,29
3431071,1,31
3432541,2,26
3438331,1,33
3439351,2,44
3445681,2,22
3449140,2,27
3450511,2,28
3453670,2,22
3459340,1,30
3461641,2,25
3466621,2,21
3469981,2,26
3474121,2,28
3475000,2,33
3477850,2,20
3478621,2,36
3479200,2,26
3482170,2,23
3485461,2,37
3486280,2,32
3487021,1,35
3487891,2,26
3488140,2,38
3488881,2,32
3490390,2,23
3491710,2,24
3501301,2,30
3502000,2,41
3502870,1,32
3503131,1,31
3504070,2,32
3504451,2,21
3504520,2,5
3505141,1,30
3506020,2,34
3507220,2,37
3508321,2,32
3508681,2,30
3508900,2,22
3510301,2,36
3513871,2,27
3515851,2,31
3518971,1,6
3520351,2,31
3522151,2,29
3522850,2,36
3523591,2,33
3523891,2,32
3526171,1,29
3527881,2,29
3528961,2,20
3530191,2,24
3534211,2,21
3534340,2,21
3535921,2,21
3539701,2,19
3545530,2,38
3546361,2,45
3556840,2,20
3557470,2,34
3565021,2,24
3565030,2,40
3566260,1,21
3567280,2,30
3567700,2,28
3570880,1,37
3574300,1,36
3574411,1,41
3574531,2,48
3580330,1,33
3586261,2,39
3594640,2,28
3598210,2,17
3599881,2,24
3600250,2,18
3607861,2,26
3608101,2,26
3613921,2,27
3614140,2,37
3614881,1,39
3615901,2,25
3619150,2,30
3619231,1,22
3619801,2,37
3620341,2,30
3621511,2,36
3622621,2,21
3624040,1,35
3629791,1,30
3630721,1,27
3633220,2,40
3633370,2,37
3635611,2,28
3636190,2,48
3638731,2,20
3639310,2,19
3641281,2,28
3642880,2,41
3643540,2,33
3644020,1,37
3644740,2,19
3644800,1,25
3650410,2,27
3652330,2,25
3657511,1,30
3663631,2,28
3667510,1,36
3672751,2,32
3673750,2,32
3674260,2,29
3675520,2,26
3677071,2,28
3677590,1,45
3677980,1,29
3683821,1,32
3684550,1,33
3685270,2,48
3687271,1,22
3687610,1,33
3689350,2,29
3701011,2,21
3701800,2,21
3701911,2,23
3702250,2,27
3707830,2,30
3709930,2,24
3711880,2,25
3712501,2,40
3717070,2,36
3721150,2,27
3721360,2,28
3721630,2,20
3723550,1,2
3727741,1,17
3729010,2,38
3730180,2,22
3730540,2,42
3747880,1,38
3749800,2,24
3754330,1,20
3757660,1,31
3758821,1,27
3763300,2,29
3763321,2,35
3764101,2,19
3770860,1,35
3771190,2,23
3772441,1,24
3772561,2,33
3773221,1,25
3778330,2,36
3781591,2,26
3782380,1,34
3782701,1,26
3785971,1,33
3786190,2,27
3786511,2,27
3786910,2,34
3787711,2,23
3788101,1,24
3788560,2,1
3789031,2,20
3792370,2,25
3795160,1,28
3796990,2,32
3798781,2,22
3801010,1,27
3803941,2,25
3803980,2,18
3804100,1,38
3806620,2,19
3807250,2,28
3809230,2,23
3810151,1,24
3810571,2,21
3812320,1,32
3817411,2,26
3821161,2,25
3821911,2,21
3822730,2,32
3826501,2,35
3827860,2,29
3828970,1,35
3831850,2,26
3833941,1,44
3835360,1,32
3836290,2,22
3836680,2,32
3837511,1,29
3838600,2,39
3839800,2,32
3840601,1,33
3842011,1,25
3843631,2,31
3844291,1,30
3844651,2,35
3845560,2,31
3849340,2,39
3849871,1,28
3850321,1,42
3851230,1,33
3853231,1,21
3853240,1,40
3853321,2,34
3855520,2,33
3858271,2,21
3859741,2,25
3859831,1,34
3861151,1,26
3861391,2,26
3865360,2,32
3867871,2,24
3868420,1,28
3868750,1,33
3870310,2,22
3870391,1,41
3871660,1,21
3871681,2,21
3872080,2,31
3872611,2,33
3873460,1,26
3874600,2,28
3875440,2,28
3875620,2,30
3876280,1,28
3876691,1,28
3878620,2,22
3882661,2,25
3884341,2,33
3886021,2,23
3889150,2,27
3892261,2,33
3892411,1,45
3893170,2,31
3893860,2,23
3894151,1,32
3896731,1,45
3896941,2,31
3898231,1,31
3898741,2,29
3899431,2,25
3899500,2,40
3900181,2,34
3900781,2,24
3901891,2,33
3902551,2,22
3902590,2,36
3903070,2,24
3903130,1,30
3903640,2,29
3905830,2,23
3912640,1,38
3913081,1,23
3913201,2,21
3913621,2,104
3914971,1,24
3915700,2,29
3916441,1,35
3917830,1,27
3918490,2,36
3919240,1,24
3921031,2,32
3921871,2,27
3922630,1,34
3923431,2,28
3923881,2,28
3924250,2,32
3925060,1,39
3925570,2,26
3928321,1,28
3929740,1,27
3930271,2,27
3930700,2,31
3931501,1,41
3931540,2,30
3932530,1,35
3934141,2,26
3934930,2,32
3936970,2,25
3937081,2,20
3942160,1,29
3943861,2,36
3945031,1,24
3945211,2,26
3947710,2,35
3948730,2,35
3949351,2,25
3951481,2,31
3951820,2,32
3958090,1,36
3960331,2,24
3960511,1,33
3960670,1,31
3966571,1,31
3969490,1,24
3970861,2,35
3971341,2,23
3974050,1,28
3976150,2,27
3976300,2,25
3978010,1,36
3980791,2,21
3981811,2,21
3983371,1,37
3984970,2,30
3985450,2,22
3987340,2,40
3987751,1,17
3989191,2,19
3991570,2,30
3991591,2,36
3995860,2,31
3996610,2,32
3997060,2,6
3999841,2,31
3999931,1,24
4002010,2,34
4002061,2,24
4005001,1,44
4010281,2,38
4010380,1,41
4013770,2,24
4015531,2,27
4017301,1,24
4019101,2,19
4023421,2,29
4026730,1,34
4028770,1,25
4029211,1,29
4034890,2,33
4035931,1,37
4037461,2,26
4042231,1,39
4044571,1,26
4045351,2,40
4051450,2,29
4052251,2,29
4053091,2,26
4056730,2,29
4056790,1,30
4059430,1,44
4059520,2,18
4059541,2,26
4074220,1,26
4074790,1,20
4075150,1,32
4075981,2,18
4082350,2,20
4087240,2,22
4088320,2,27
4092901,2,32
4095601,1,28
4100011,2,25
4104160,2,19
4104721,2,5
4110940,2,33
4114480,1,37
4115290,2,37
4115551,1,4
4128961,2,45
4141771,2,26
4142620,2,19
4147381,2,23
4148620,1,23
4150870,1,35
4152010,2,4
4155481,2,21
4156720,2,23
4158550,2,44
4167490,1,26
4168681,2,30
4170310,2,24
4171021,1,37
4172620,2,26
4173040,1,30
4173691,2,28
4174660,2,29
4193281,2,21
4207021,2,20
4209850,2,24
4228921,2,24
4231081,2,19
4232461,1,33
4234021,1,27
4237360,2,18
4244050,2,33
4245340,2,20
4248970,1,31
4249330,1,22
4252441,2,24
4263760,1,49
4264771,2,31
4265341,1,43
4265671,2,24
4268200,2,5
4272190,1,28
4273420,2,27
4277440,1,43
4278130,1,30
4281931,2,22
4282411,2,30
4282951,1,35
4283980,2,5
4290430,2,21
4292281,2,18
4293190,2,27
4301401,1,41
4303450,2,25
4305481,2,22
4305511,1,38
4306960,2,23
4311091,2,20
4315441,2,29
4320640,2,30
4321411,1,25
4322800,1,24
4325911,2,25
4331761,2,19
4334320,2,23
4334410,1,39
4334701,2,20
4335940,2,34
4336501,2,34
4337071,2,27
4337551,2,20
4338451,2,21
4339261,2,20
4340620,2,33
4342081,2,36
4342531,1,26
4342831,2,37
4345051,1,37
4347550,2,32
4349350,2,23
4358380,2,21
4358530,2,20
4359460,2,27
4365361,2,31
4366741,2,31
4368901,2,38
4371970,2,24
4372900,2,19
4375381,2,19
4376740,2,22
4378501,2,40
4379071,2,36
4388191,2,18
4394980,2,32
4400461,1,37
4408771,2,20
4411990,1,21
4415860,2,14
4420921,2,41
4426540,2,30
4431160,2,25
4431241,1,33
4448590,2,19
4454311,2,39
4459810,2,31
4460590,2,28
4464571,2,24
4465171,1,27
4469191,2,34
4470040,2,46
4472380,2,31
4474321,2,25
4476481,2,21
4481260,2,24
4482730,2,22
4501711,1,33
4502260,2,23
4505260,2,26
4507480,2,32
4514551,2,29
4518730,2,34
4519201,2,30
4524820,2,21
4524850,2,23
4528750,1,36
4529401,2,23
4530211,1,23
4531330,2,24
4531951,2,38
4532251,2,39
4538611,2,30
4538920,1,30
4539421,2,27
4540861,2,26
4541971,2,23
4542151,2,24
4547110,2,31
4551460,2,29
4551541,2,29
4552981,2,37
4555930,1,29
4556731,2,21
4558030,1,45
4567441,1,39
4572880,2,23
4573780,2,26
4575421,2,25
4583200,2,23
4590271,2,30
4599301,2,21
4602811,1,23
4607410,1,33
4613281,2,21
4613560,2,4
4614520,2,27
4621300,2,23
4623331,2,28
4625230,2,24
4626301,2,34
4633450,2,30
4633651,2,22
4637431,2,21
4642840,2,3
4644721,2,23
4644871,2,26
4646401,1,44
4647340,2,36
4650001,2,37
4659520,2,40
4665250,2,28
4665730,2,26
4665880,1,28
4666441,1,28
4667170,2,25
4667740,2,27
4668301,1,45
4669741,2,30
4669801,2,31
4669831,1,34
4670260,2,24
4670860,2,19
4671250,2,35
4671421,2,19
4672180,2,31
4672531,2,25
4672990,2,24
4676020,2,49
4676851,2,26
4676881,2,25
4677181,2,21
4678081,1,37
4678300,2,19
4679230,2,29
4679821,2,39
4679941,2,35
4680430,1,34
4681081,2,22
4681471,2,28
4681711,2,23
4681951,2,23
4682191,2,20
4682380,1,32
4682410,2,54
4685131,2,21
4685320,2,20
4685431,2,23
4686871,2,30
4687450,1,25
4687651,2,24
4687780,2,19
4688761,2,34
4689160,2,20
4689331,2,19
4689811,2,21
4689931,2,36
4692640,2,26
4693651,2,29
4695460,1,25
4695511,2,31
4698220,2,21
4698430,2,27
4698880,2,34
4698970,2,20
4699411,2,20
4701121,1,32
4701511,2,23
4703161,2,31
4704571,2,20
4704751,2,36
4706431,2,22
4706770,2,25
4706830,2,38
4708780,2,25
4709920,2,25
4710790,2,26
4711270,2,31
4715911,2,69
4717411,2,22
4717930,2,29
4718191,1,35
4723411,2,26
4724860,2,35
4727371,1,30
4727950,1,50
4727971,2,20
4728241,2,19
4730221,2,41
4730281,1,29
4734730,2,32
4735000,1,35
4735141,1,32
4735261,2,30
4737370,2,21
4739980,2,36
4742371,2,30
4743871,2,25
4744411,2,25
4745320,2,33
4746541,2,35
4746730,2,31
4749670,2,35
4752280,1,32
4752340,2,22
4753381,1,31
4753660,2,29
4754071,2,20
4757260,2,52
4761031,2,32
4763581,2,23
4765420,1,26
4766521,2,33
4767541,2,37
4767820,2,17
4768180,2,35
4769431,2,22
4770640,2,31
4773520,2,22
4773661,1,24
4773940,2,35
4775041,2,26
4775461,1,32
4775701,2,32
4776931,2,34
4782241,2,49
4795750,2,11
4796251,2,19
4796521,2,22
4801690,2,40
4807741,1,27
4809211,2,20
4811611,2,27
4811791,2,28
4813390,2,33
4814401,2,26
4816390,2,23
4817581,2,21
4819471,2,44
4820980,2,23
4822291,2,22
4822741,2,16
4824100,2,31
4824751,2,26
4827220,1,58
4830310,1,33
4830760,2,35
4831690,2,37
4833031,2,26
4833220,2,19
4833691,2,28
4835350,1,22
4835800,2,31
4835830,2,31
4836931,1,25
4841620,1,7
4847170,1,34
4848430,2,21
4849750,2,32
4853590,2,26
4854571,1,23
4855870,2,31
4856521,2,19
4859131,2,37
4859761,2,24
4873441,2,23
4873540,2,20
4874041,1,39
4877920,2,44
4879690,2,31
4882021,2,23
4886530,2,43
4888630,2,29
4894081,2,24
4894240,1,22
4896211,2,33
4896841,1,36
4899571,2,25
4901980,2,31
4905871,2,37
4910401,2,120
4912501,2,29
4913671,2,33
4914421,2,20
4914511,2,24
4915750,2,17
4915801,2,53
4916101,1,25
4916230,1,54
4916560,1,25
4917100,2,29
4922740,1,37
4928290,1,41
4929820,2,21
4931311,2,19
4932361,2,30
4933720,2,29
4935160,1,36
4935850,2,22
4939780,2,24
4942570,1,37
4942660,2,40
4950961,1,39
4952410,1,33
4953391,2,27
4954861,2,20
4955761,2,32
4957711,2,28
4961770,1,27
4963891,2,39
4965661,2,27
4972921,2,29
4974790,2,19
4975621,1,29
4981090,1,55
4982731,2,22
4985671,1,35
4993441,2,95
4994020,2,23
4997671,2,18
5001211,2,26
5003281,2,17
5003410,2,29
5005030,2,20
5005981,2,23
5007670,2,39
5007841,2,28
5008000,2,27
5008831,1,19
5010550,2,26
5011261,2,25
5012161,2,42
5016820,2,40
5018110,1,23
5021161,2,24
5028151,2,27
5030860,2,22
5031130,2,28
5042620,1,22
5042740,2,19
5042860,2,33
5046490,2,38
5047720,2,23
5049940,2,35
5053660,2,21
5057521,1,21
5058370,1,23
5060230,2,48
5060251,2,32
5061391,1,34
5061820,1,28
5062480,2,22
5064961,2,31
5067340,2,31
5070721,2,25
5071831,2,24
5073361,2,27
5075140,1,24
5075800,2,45
5076241,2,43
5080330,2,30
5085820,2,19
5090251,1,39
5091790,2,26
5093230,2,19
5098981,2,35
5099761,2,23
5100640,2,20
5101591,2,20
5102251,2,20
5104591,2,26
5106280,1,28
5107531,2,33
5108830,2,19
5111800,2,33
5112520,2,32
5114080,2,25
5114260,2,34
5117761,2,21
5120881,2,41
5122411,2,21
5123530,1,20
5124190,2,20
5137831,2,33
5138341,2,20
5141620,1,27
5141761,2,22
5142061,2,22
5143570,2,21
5145940,1,26
5151730,1,21
5153770,1,103
5157220,2,32
5159920,2,25
5161270,2,16
5163130,2,38
5163670,2,41
5172280,1,51
5178670,2,36
5182111,2,21
5184361,2,24
5184790,2,28
5185981,2,31
5189551,1,32
5198830,2,23
5210731,2,50
5214301,2,31
5215141,2,19
5215351,2,65
5215651,2,19
5215930,2,27
5217901,2,29
5219260,2,27
5219590,2,29
5219641,2,32
5226520,1,23
5226631,2,43
5227570,2,19
5231440,1,123
5239291,2,23
5240110,2,36
5241001,2,26
5241391,2,29
5242411,2,19
5247961,2,22
5251480,2,49
5253970,2,30
5254441,1,48
5254990,2,41
5255050,2,23
5256571,1,24
5268220,2,18
5268481,1,33
5268661,2,20
5268991,2,34
5273530,2,28
5276560,2,22
5280970,1,38
5282200,2,26
5284180,2,22
5286601,2,27
5291311,1,31
5291650,2,18
5293060,2,41
5293321,2,34
5293801,2,40
5298061,2,23
5299891,1,33
5300320,2,35
5303311,2,29
5304160,2,28
5308471,1,25
5314021,2,18
5317420,1,21
5318401,2,28
5321350,1,31
5321761,2,3
5322601,2,37
5323780,2,23
5324371,2,25
5329570,2,24
5330131,2,19
5331451,1,49
5335291,2,19
5335750,2,21
5338801,1,80
5340190,2,32
5342680,2,22
5342710,1,39
5345950,2,21
5346301,2,20
5349100,2,38
5350321,2,29
5353270,2,28
5353930,2,24
5354401,2,25
5358490,2,27
5360401,2,25
5363971,2,17
5364571,2,25
5366311,2,34
5367361,2,24
5369050,2,20
5369830,2,21
5370790,2,21
5370961,2,18
5371240,2,22
5374351,1,19
5375371,2,26
5375581,2,35
5378200,2,22
5379391,2,25
5385250,2,29
5387320,1,24
5391001,2,22
5398531,1,28
5398561,1,35
5399491,2,29
5403751,2,22
5406331,2,36
5410981,2,22
5412601,1,29
5421370,2,37
5423161,1,37
5423860,2,19
5425420,1,37
5427991,2,23
5431051,2,21
5434180,2,24
5434780,2,23
5436550,2,24
5436571,1,34
5436910,2,25
5438791,2,35
5438881,2,29
5440291,2,22
5441731,2,21
5444671,2,40
5450341,2,24
5450551,2,21
5451991,2,19
5454310,1,23
5456350,2,24
5457061,2,20
5460430,2,39
5460820,2,26
5464270,2,31
5467441,2,37
5471860,2,19
5471890,2,22
5475391,2,30
5475880,2,25
5478580,2,22
5478631,2,20
5478841,1,32
5481310,2,18
5487721,2,17
5487850,2,18
5500150,2,32
5500981,2,19
5503450,1,35
5503540,2,25
5506171,2,10
5507101,2,30
5510821,2,24
5515681,2,18
5519170,2,23
5519230,2,18
5521210,1,17
5521270,2,22
5521450,2,19
5523181,2,23
5528341,2,28
5529721,2,39
5530540,2,27
5530810,1,36
5534920,2,31
5537941,2,39
5538091,2,21
5541211,2,23
5542840,2,30
5546611,2,24
5546881,2,18
5547871,2,33
5548861,1,36
5549941,2,21
5552881,2,31
5555371,2,42
5557381,2,4
5557831,2,36
5559901,2,25
5559970,2,24
5565181,2,21
5570560,2,24
5572951,2,30
5574430,1,26
5576221,2,20
5579041,2,26
5582320,2,34
5582380,2,21
5583541,2,29
5585020,1,24
5585890,2,3
5586181,1,28
5589841,1,22
5591161,2,20
5591851,2,21
5592571,1,29
5600911,2,20
5601820,1,24
5603560,1,20
5603881,2,22
5606590,2,19
5607340,2,31
5608891,2,26
5609650,2,30
5609761,1,28
5613061,1,32
5618281,2,25
5618410,2,35
5622220,2,26
5623621,2,19
5624170,1,23
5624431,1,40
5625040,2,27
5627701,2,44
5628130,2,43
5628631,2,26
5629051,1,36
5631991,2,26
5635051,2,29
5636740,2,4
5637901,2,3
5639701,2,21
5644030,2,22
5645521,2,121
5645911,2,24
5648680,1,51
5650141,2,119
5651251,1,30
5658361,2,50
5658451,2,24
5661001,1,36
5661151,2,21
5662291,2,22
5662921,1,29
5663311,1,22
5672341,2,26
5672470,1,28
5674651,1,24
5674810,1,26
5675401,2,30
5682151,2,22
5691370,1,25
5692561,2,34
5693551,2,25
5694601,2,26
5694970,2,44
5698990,2,31
5757511,1,25
7109290,2,46
7157191,1,37
10641470,1,37
12054130,1,31
